type	value
AccountMainPresentation	AsCode
AccountMainPresentation	AsDescription
AccountType	Active
AccountType	ActivePassive
AccountType	Passive
AccountingRecordType	Credit
AccountingRecordType	Debit
AccumulationRecordType	Expense
AccumulationRecordType	Receipt
AccumulationRegisterAggregatePeriodicity	Auto
AccumulationRegisterAggregatePeriodicity	Day
AccumulationRegisterAggregatePeriodicity	HalfYear
AccumulationRegisterAggregatePeriodicity	Month
AccumulationRegisterAggregatePeriodicity	Nonperiodical
AccumulationRegisterAggregatePeriodicity	Quarter
AccumulationRegisterAggregatePeriodicity	Year
AccumulationRegisterAggregateUse	Always
AccumulationRegisterAggregateUse	Auto
AccumulationRegisterType	Balance
AccumulationRegisterType	Turnovers
AllowedIncomingShareRequestTypeProcessingVariant	Edit
AllowedIncomingShareRequestTypeProcessingVariant	View
AllowedLength	Fixed
AllowedLength	Variable
AllowedSign	Any
AllowedSign	Nonnegative
ApplicationUsePurpose	MobileDevice
ApplicationUsePurpose	PersonalComputer
AttributeUse	ForFolder
AttributeUse	ForFolderAndItem
AttributeUse	ForItem
AutoRegistrationChanges	Allow
AutoRegistrationChanges	Deny
AutoSeriesSeparation	All
AutoSeriesSeparation	Maximum
AutoSeriesSeparation	Minimum
AutoSeriesSeparation	None
AutoShowStateMode	Auto
AutoShowStateMode	DontShow
AutoShowStateMode	Show
AutoShowStateMode	ShowOnComposition
AutoTimeMode	CurrentOrFirst
AutoTimeMode	CurrentOrLast
AutoTimeMode	DontUse
AutoTimeMode	First
AutoTimeMode	Last
BinaryDataBlockStorageUseMode	DontUse
BinaryDataBlockStorageUseMode	Use
BinaryDataStorageLocationUse	DontUse
BinaryDataStorageLocationUse	Use
BinaryDataStorageMode	DontUse
BinaryDataStorageMode	Use
BorderStyle	Double
BorderStyle	DoubleUnderline
BorderStyle	Embossed
BorderStyle	Indented
BorderStyle	None
BorderStyle	Overline
BorderStyle	Rounded
BorderStyle	Single
BorderStyle	Underline
BusinessProcessNumberPeriodicity	Day
BusinessProcessNumberPeriodicity	Month
BusinessProcessNumberPeriodicity	Nonperiodical
BusinessProcessNumberPeriodicity	Quarter
BusinessProcessNumberPeriodicity	Year
BusinessProcessNumberType	Number
BusinessProcessNumberType	String
ButtonRepresentation	Auto
ButtonRepresentation	Picture
ButtonRepresentation	PictureAndText
ButtonRepresentation	Text
CalculationRegisterPeriodicity	Day
CalculationRegisterPeriodicity	Month
CalculationRegisterPeriodicity	Quarter
CalculationRegisterPeriodicity	Year
CalculationTypeMainPresentation	AsCode
CalculationTypeMainPresentation	AsDescription
CatalogCodeType	Number
CatalogCodeType	String
CatalogCodesSeries	WholeCatalog
CatalogCodesSeries	WithinOwnerSubordination
CatalogCodesSeries	WithinSubordination
CatalogMainPresentation	AsCode
CatalogMainPresentation	AsDescription
CellTextPosition	Auto
CellTextPosition	Bottom
CellTextPosition	Left
CellTextPosition	OnTop
CellTextPosition	Right
CellTextPosition	Top
CharOfAccountCodeSeries	WholeChartOfAccounts
CharOfAccountCodeSeries	WithinSubordination
CharacteristicKindCodesSeries	WholeCharacteristicKind
CharacteristicKindCodesSeries	WithinSubordination
CharacteristicTypeMainPresentation	AsCode
CharacteristicTypeMainPresentation	AsDescription
ChartLabelType	None
ChartLabelType	Percent
ChartLabelType	Point
ChartLabelType	PointPercent
ChartLabelType	PointSize
ChartLabelType	PointValue
ChartLabelType	PointValuePercent
ChartLabelType	PointValueSize
ChartLabelType	Series
ChartLabelType	SeriesPercent
ChartLabelType	SeriesPoint
ChartLabelType	SeriesPointPercent
ChartLabelType	SeriesPointSize
ChartLabelType	SeriesPointValue
ChartLabelType	SeriesPointValuePercent
ChartLabelType	SeriesPointValueSize
ChartLabelType	SeriesSize
ChartLabelType	SeriesValue
ChartLabelType	SeriesValuePercent
ChartLabelType	SeriesValueSize
ChartLabelType	Value
ChartLabelType	ValuePercent
ChartLabelType	ValueSize
ChartLineType	DashDotted
ChartLineType	DashDottedDotted
ChartLineType	Dashed
ChartLineType	Dotted
ChartLineType	None
ChartLineType	Solid
ChartOfCalculationTypesBaseUse	DontUse
ChartOfCalculationTypesBaseUse	OnActionPeriod
ChartOfCalculationTypesBaseUse	OnRegistrationPeriod
ChartOfCalculationTypesCodeType	Number
ChartOfCalculationTypesCodeType	String
ChartSemitransparencyMode	Auto
ChartSemitransparencyMode	AutoCalculate
ChartSemitransparencyMode	DontUse
ChartSemitransparencyMode	Use
ChartSplineMode	None
ChartSplineMode	SmoothCurve
ChartType	Area
ChartType	Bar
ChartType	Bar3D
ChartType	BarGraph
ChartType	Bubble
ChartType	CeilGraph
ChartType	Column
ChartType	Column3D
ChartType	ConcaveSurface
ChartType	ConvexSurface
ChartType	Donut
ChartType	Donut3D
ChartType	Funnel
ChartType	Funnel3D
ChartType	Gauge
ChartType	Honeycomb
ChartType	Line
ChartType	NormalizedArea
ChartType	NormalizedBar
ChartType	NormalizedBar3D
ChartType	NormalizedColumn
ChartType	NormalizedColumn3D
ChartType	NormalizedFunnel
ChartType	NormalizedFunnel3D
ChartType	OpenHighLowClose
ChartType	Pie
ChartType	Pie3D
ChartType	PyramidGraph
ChartType	RadarArea
ChartType	RadarLine
ChartType	RadarNormalizedArea
ChartType	RadarStackedArea
ChartType	RadarStackedLine
ChartType	Scatter
ChartType	ShadedSurface
ChartType	StackedArea
ChartType	StackedBar
ChartType	StackedBar3D
ChartType	StackedColumn
ChartType	StackedColumn3D
ChartType	StackedLine
ChartType	Step
ChartType	Stock
ChartType	Surface
ChartType	TapeGraph
ChartType	Waterfall
ChartType	WireframeSurface
ChartValuesBySeriesConnectionType	EdgesConnection
ChartValuesBySeriesConnectionType	None
ChoiceDataGetModeOnInputByString	Background
ChoiceDataGetModeOnInputByString	Directly
ChoiceHistoryOnInput	Auto
ChoiceHistoryOnInput	DontUse
ChoiceMode	BothWays
ChoiceMode	FromForm
ChoiceMode	QuickChoice
ClientApplicationTheme	Auto
ClientApplicationTheme	Dark
ClientApplicationTheme	Light
ClientApplicationWindowsOpenVariant	OpenDataInDialogs
ClientApplicationWindowsOpenVariant	OpenDataInTabs
ClientInterfaceScale	eCISCompact
ClientInterfaceScale	eCISNormal
ClientInterfaceScale	eCISUnknown
ClientInterfaceTheme	eCITDark
ClientInterfaceTheme	eCITLight
ClientInterfaceTheme	eCITUnknown
ClientInterfaceVariant	ClassicManaged
ClientInterfaceVariant	ClassicNotManaged
ClientInterfaceVariant	DontSpecific
ClientInterfaceVariant	Old
ClientInterfaceVariant	Taxi
ClientInterfaceVariant	TaxiCompact
ClientInterfaceVariant	TaxiMobile
ClientInterfaceVariant	Version8_5
ClientInterfaceVariant	Version8_5Mobile
ClientRunMode	Auto
ClientRunMode	ManagedApplication
ClientRunMode	OrdinaryApplication
CommandGroupCategory	ActionsPanel
CommandGroupCategory	FormCommandBar
CommandGroupCategory	FormNavigationPanel
CommandGroupCategory	NavigationPanel
CommandParameterUseMode	Multiple
CommandParameterUseMode	Single
CommonAttributeAuthenticationSeparation	DontUse
CommonAttributeAuthenticationSeparation	Separate
CommonAttributeAutoUse	DontUse
CommonAttributeAutoUse	Use
CommonAttributeDataSeparation	DontUse
CommonAttributeDataSeparation	Separate
CommonAttributeExtensionSeparation	DontUse
CommonAttributeExtensionSeparation	Separate
CommonAttributeSeparatedDataUse	Independently
CommonAttributeSeparatedDataUse	IndependentlyAndSimultaneously
CommonAttributeUse	Auto
CommonAttributeUse	DontUse
CommonAttributeUse	Use
CommonAttributeUsersSeparation	DontUse
CommonAttributeUsersSeparation	Separate
CompatibilityMode	DontUse
CompatibilityMode	Version8_1
CompatibilityMode	Version8_2_13
CompatibilityMode	Version8_2_16
CompatibilityMode	Version8_3_1
CompatibilityMode	Version8_3_10
CompatibilityMode	Version8_3_11
CompatibilityMode	Version8_3_12
CompatibilityMode	Version8_3_13
CompatibilityMode	Version8_3_14
CompatibilityMode	Version8_3_15
CompatibilityMode	Version8_3_16
CompatibilityMode	Version8_3_17
CompatibilityMode	Version8_3_18
CompatibilityMode	Version8_3_19
CompatibilityMode	Version8_3_2
CompatibilityMode	Version8_3_20
CompatibilityMode	Version8_3_21
CompatibilityMode	Version8_3_22
CompatibilityMode	Version8_3_23
CompatibilityMode	Version8_3_24
CompatibilityMode	Version8_3_25
CompatibilityMode	Version8_3_26
CompatibilityMode	Version8_3_27
CompatibilityMode	Version8_3_3
CompatibilityMode	Version8_3_4
CompatibilityMode	Version8_3_5
CompatibilityMode	Version8_3_6
CompatibilityMode	Version8_3_7
CompatibilityMode	Version8_3_8
CompatibilityMode	Version8_3_9
CompatibilityMode	Version8_5_1
ConfigurationExtensionPurpose	AddOn
ConfigurationExtensionPurpose	Customization
ConfigurationExtensionPurpose	Patch
CreateOnInput	Auto
CreateOnInput	DontUse
CreateOnInput	Use
DataExchangeMainPresentation	AsCode
DataExchangeMainPresentation	AsDescription
DataHistoryUse	DontUse
DataHistoryUse	Use
DatabaseTablespacesUseMode	DontUse
DatabaseTablespacesUseMode	Use
DateFractions	Date
DateFractions	DateTime
DateFractions	Time
DefaultDataLockControlMode	Automatic
DefaultDataLockControlMode	AutomaticAndManaged
DefaultDataLockControlMode	Managed
DefaultReportAppearanceTemplate	Antique
DefaultReportAppearanceTemplate	Arctic
DefaultReportAppearanceTemplate	Gaudy
DefaultReportAppearanceTemplate	Green
DefaultReportAppearanceTemplate	Main
DefaultReportAppearanceTemplate	None
DefaultReportAppearanceTemplate	Sea
DefaultReportAppearanceTemplate	Version8_5
DocumentNumberPeriodicity	Day
DocumentNumberPeriodicity	Month
DocumentNumberPeriodicity	Nonperiodical
DocumentNumberPeriodicity	Quarter
DocumentNumberPeriodicity	Year
DocumentNumberType	Number
DocumentNumberType	String
EditType	BothWays
EditType	InDialog
EditType	InList
ExternalDataSourceTableDataType	NonobjectData
ExternalDataSourceTableDataType	ObjectData
ExternalDataSourceTableType	Expression
ExternalDataSourceTableType	Table
FillChecking	DontCheck
FillChecking	ShowError
FoldersAndItemsUse	Folders
FoldersAndItemsUse	FoldersAndItems
FoldersAndItemsUse	Items
FormPreferableInterface	Any
FormPreferableInterface	Taxi
FormPreferableInterface	Version85
FormType	Managed
FormType	Ordinary
FullTextSearchOnInputByString	DontUse
FullTextSearchOnInputByString	Use
FullTextSearchUsing	DontUse
FullTextSearchUsing	Use
GeographicalSchemeLineType	DashDotted
GeographicalSchemeLineType	DashDottedDotted
GeographicalSchemeLineType	Dashed
GeographicalSchemeLineType	Dotted
GeographicalSchemeLineType	None
GeographicalSchemeLineType	Solid
HTTPMethod	Any
HTTPMethod	CONNECT
HTTPMethod	COPY
HTTPMethod	DELETE
HTTPMethod	GET
HTTPMethod	LOCK
HTTPMethod	MERGE
HTTPMethod	MKCOL
HTTPMethod	MOVE
HTTPMethod	OPTIONS
HTTPMethod	PATCH
HTTPMethod	POST
HTTPMethod	PROPFIND
HTTPMethod	PROPPATCH
HTTPMethod	PUT
HTTPMethod	TRACE
HTTPMethod	UNLOCK
HierarchyType	HierarchyFoldersAndItems
HierarchyType	HierarchyOfItems
HorizontalAlign	Auto
HorizontalAlign	Center
HorizontalAlign	Justify
HorizontalAlign	Left
HorizontalAlign	Right
Indexing	DontIndex
Indexing	Index
Indexing	IndexWithAdditionalOrder
InformationRegisterPeriodicity	Day
InformationRegisterPeriodicity	Month
InformationRegisterPeriodicity	Nonperiodical
InformationRegisterPeriodicity	Quarter
InformationRegisterPeriodicity	RecorderPosition
InformationRegisterPeriodicity	Second
InformationRegisterPeriodicity	Year
IntegrationServiceChannelMessageDirection	Receive
IntegrationServiceChannelMessageDirection	Send
InterfaceCompatibilityMode	Taxi
InterfaceCompatibilityMode	TaxiEnableVersion8_2
InterfaceCompatibilityMode	TaxiEnableVersion8_5
InterfaceCompatibilityMode	Version8_2
InterfaceCompatibilityMode	Version8_2EnableTaxi
InterfaceCompatibilityMode	Version8_5
InterfaceCompatibilityMode	Version8_5EnableTaxi
InterfaceType	Any
InterfaceType	Taxi
InterfaceType	Version8_5
LinkedValueChangeMode	Clear
LinkedValueChangeMode	DontChange
MainClientApplicationWindowInterfaceVariant	NavigationLeft
MainClientApplicationWindowInterfaceVariant	NavigationTop
MainClientApplicationWindowMode	EmbeddedWorkplace
MainClientApplicationWindowMode	FullscreenWorkplace
MainClientApplicationWindowMode	Kiosk
MainClientApplicationWindowMode	Normal
MainClientApplicationWindowMode	Workplace
MetadataEvent	AfterWriteDataHistoryVersionsProcessing
MetadataEvent	BeforeBeginSendDataToMaster
MetadataEvent	BeforeBeginSendDataToSlave
MetadataEvent	BeforeCreateInitialImage
MetadataEvent	BeforeDelete
MetadataEvent	BeforeExecute
MetadataEvent	BeforeExecuteInteractively
MetadataEvent	BeforeWrite
MetadataEvent	ChoiceDataGetProcessing
MetadataEvent	FillCheckProcessing
MetadataEvent	Filling
MetadataEvent	FormGetProcessing
MetadataEvent	GenerateFromDataHistoryVersionProcessing
MetadataEvent	GetDescriptionProcessing
MetadataEvent	InteractiveActivationProcessing
MetadataEvent	LoadProcessing
MetadataEvent	OnAutoCreateNewNode
MetadataEvent	OnCheckExecutionProcessing
MetadataEvent	OnCopy
MetadataEvent	OnExecute
MetadataEvent	OnReceiveDataFromMaster
MetadataEvent	OnReceiveDataFromSlave
MetadataEvent	OnReceiveNodeDataFromMaster
MetadataEvent	OnSendDataToMaster
MetadataEvent	OnSendDataToSlave
MetadataEvent	OnSendNodeDataToSlave
MetadataEvent	OnSetNewCode
MetadataEvent	OnSetNewNumber
MetadataEvent	OnWrite
MetadataEvent	Posting
MetadataEvent	PresentationFieldsGetProcessing
MetadataEvent	PresentationGetProcessing
MetadataEvent	SaveProcessing
MetadataEvent	SetDescriptionProcessing
MetadataEvent	UndoPosting
MobileApplicationFunctionalities	Ads
MobileApplicationFunctionalities	AllFilesAccess
MobileApplicationFunctionalities	AllIncomingShareRequestsTypesProcessing
MobileApplicationFunctionalities	ApplicationUsageStatistics
MobileApplicationFunctionalities	AudioPlaybackAndVibration
MobileApplicationFunctionalities	AutoSendSMS
MobileApplicationFunctionalities	BackgroundAudioPlaybackAndVibration
MobileApplicationFunctionalities	BackgroundAudioRecording
MobileApplicationFunctionalities	BackgroundLocation
MobileApplicationFunctionalities	BarcodeScanning
MobileApplicationFunctionalities	Biometrics
MobileApplicationFunctionalities	BluetoothPrinters
MobileApplicationFunctionalities	Calendars
MobileApplicationFunctionalities	CallLog
MobileApplicationFunctionalities	CallProcessing
MobileApplicationFunctionalities	Camera
MobileApplicationFunctionalities	Contacts
MobileApplicationFunctionalities	DocumentScanning
MobileApplicationFunctionalities	Geofences
MobileApplicationFunctionalities	InAppPurchases
MobileApplicationFunctionalities	IncomingShareRequests
MobileApplicationFunctionalities	InstallPackages
MobileApplicationFunctionalities	LocalNotifications
MobileApplicationFunctionalities	Location
MobileApplicationFunctionalities	Microphone
MobileApplicationFunctionalities	MusicLibrary
MobileApplicationFunctionalities	NFC
MobileApplicationFunctionalities	NumberDialing
MobileApplicationFunctionalities	OSBackup
MobileApplicationFunctionalities	PersonalComputerFileExchange
MobileApplicationFunctionalities	PictureAndVideoLibraries
MobileApplicationFunctionalities	PushNotifications
MobileApplicationFunctionalities	ReceiveSMS
MobileApplicationFunctionalities	SMSLog
MobileApplicationFunctionalities	SpeechToText
MobileApplicationFunctionalities	TextToSpeech
MobileApplicationFunctionalities	Videoconferences
MobileApplicationFunctionalities	WiFiPrinters
ModalityUseMode	DontUse
ModalityUseMode	Use
ModalityUseMode	UseWithWarnings
MoveBoundaryOnPosting	DontMove
MoveBoundaryOnPosting	Move
ObjectAutonumerationMode	AutoFree
ObjectAutonumerationMode	NotAutoFree
ObjectBelonging	Adopted
ObjectBelonging	Native
OnMainServerUnavalableBehavior	Auto
OnMainServerUnavalableBehavior	DontChangeBehavior
OnMainServerUnavalableBehavior	MakeDisable
PictureBackgroundShowMode	Auto
PictureBackgroundShowMode	DontShow
PictureBackgroundShowMode	ShowAndDontIncreaseSize
PictureBackgroundShowMode	ShowAndIncreaseSize
PictureSize	AutoSize
PictureSize	AutoSizeIgnoreScale
PictureSize	ByFontSize
PictureSize	Proportionally
PictureSize	RealSize
PictureSize	RealSizeIgnoreScale
PictureSize	Stretch
PictureSize	Tile
Posting	Allow
Posting	Deny
PostingModeUse	Ask
PostingModeUse	Auto
PostingModeUse	RealTime
PostingModeUse	Regular
PredefinedDataUpdate	Auto
PredefinedDataUpdate	AutoUpdate
PredefinedDataUpdate	DontAutoUpdate
PrimitiveType	Array
PrimitiveType	Chart
PrimitiveType	ConstantsSet
PrimitiveType	FixedArray
PrimitiveType	FixedMap
PrimitiveType	FixedStructure
PrimitiveType	Map
PrimitiveType	Null
PrimitiveType	ReportBuilder
PrimitiveType	SettingsComposer
PrimitiveType	StandardPeriod
PrimitiveType	Structure
PrimitiveType	UUID
PrimitiveType	Undefined
PrimitiveType	ValueListType
PrimitiveType	ValueStorage
PrimitiveType	ValueTable
PrimitiveType	ValueTree
PrimitiveType	base64Binary
PrimitiveType	boolean
PrimitiveType	date
PrimitiveType	dateTime
PrimitiveType	decimal
PrimitiveType	int
PrimitiveType	integer
PrimitiveType	string
RealTimePosting	Allow
RealTimePosting	Deny
RegisterRecordsDeletion	AutoDelete
RegisterRecordsDeletion	AutoDeleteOff
RegisterRecordsDeletion	AutoDeleteOnUnpost
RegisterRecordsWritingOnPost	WriteModified
RegisterRecordsWritingOnPost	WriteSelected
RegisterWriteMode	Independent
RegisterWriteMode	RecorderSubordinate
ReportResultViewMode	Auto
ReportResultViewMode	Compact
ReportResultViewMode	Default
RequiredDataRelevance	Any
RequiredDataRelevance	Auto
RequiredDataRelevance	Relevant
RequiredMobileApplicationPermissionMessages	AudioPlaybackAndVibration
RequiredMobileApplicationPermissionMessages	AutoSendSMS
RequiredMobileApplicationPermissionMessages	BackgroundLocation
RequiredMobileApplicationPermissionMessages	Biometrics
RequiredMobileApplicationPermissionMessages	BluetoothPrinters
RequiredMobileApplicationPermissionMessages	Calendars
RequiredMobileApplicationPermissionMessages	CallLog
RequiredMobileApplicationPermissionMessages	CallProcessing
RequiredMobileApplicationPermissionMessages	Camera
RequiredMobileApplicationPermissionMessages	Contacts
RequiredMobileApplicationPermissionMessages	Location
RequiredMobileApplicationPermissionMessages	Microphone
RequiredMobileApplicationPermissionMessages	MusicLibrary
RequiredMobileApplicationPermissionMessages	NumberDialing
RequiredMobileApplicationPermissionMessages	PermissionGroupCallLog
RequiredMobileApplicationPermissionMessages	PermissionGroupPhone
RequiredMobileApplicationPermissionMessages	PermissionGroupSMS
RequiredMobileApplicationPermissionMessages	PictureAndVideoLibraries
RequiredMobileApplicationPermissionMessages	PostNotifications
RequiredMobileApplicationPermissionMessages	ReceiveSMS
RequiredMobileApplicationPermissionMessages	SMSLog
RequiredMobileApplicationPermissions	Ads
RequiredMobileApplicationPermissions	AllowOSBackup
RequiredMobileApplicationPermissions	AudioAndVibrationPlayback
RequiredMobileApplicationPermissions	BackgroundAudioPlayback
RequiredMobileApplicationPermissions	BackgroundLocation
RequiredMobileApplicationPermissions	Calendars
RequiredMobileApplicationPermissions	CallLog
RequiredMobileApplicationPermissions	CallPhone
RequiredMobileApplicationPermissions	Camera
RequiredMobileApplicationPermissions	Contacts
RequiredMobileApplicationPermissions	FileExchangeWithPersonalComputer
RequiredMobileApplicationPermissions	HandlePhoneCalls
RequiredMobileApplicationPermissions	InAppPurchases
RequiredMobileApplicationPermissions	InstallPackages
RequiredMobileApplicationPermissions	LocalNotification
RequiredMobileApplicationPermissions	Location
RequiredMobileApplicationPermissions	Microphone
RequiredMobileApplicationPermissions	Multimedia
RequiredMobileApplicationPermissions	MusicLibrary
RequiredMobileApplicationPermissions	PermissionGroupCallLog
RequiredMobileApplicationPermissions	PermissionGroupPhone
RequiredMobileApplicationPermissions	PermissionGroupSMS
RequiredMobileApplicationPermissions	PicturesAndVideoLibraries
RequiredMobileApplicationPermissions	Print
RequiredMobileApplicationPermissions	PushNotification
RequiredMobileApplicationPermissions	ReceiveSMS
RequiredMobileApplicationPermissions	SMSLog
RequiredMobileApplicationPermissions	SendSMS
RequiredMobileApplicationPermissions	Telephony
ReturnValuesReuse	DontUse
ReturnValuesReuse	DuringRequest
ReturnValuesReuse	DuringSession
ScriptVariant	English
ScriptVariant	Russian
SearchStringModeOnInputByString	AnyPart
SearchStringModeOnInputByString	Begin
SequenceFilling	AutoFill
SequenceFilling	AutoFillOff
ServerRequest	No
ServerRequest	Possible
ServerRequest	Yes
SessionReuseMode	AutoUse
SessionReuseMode	DontUse
SessionReuseMode	Use
SizeChangeMode	Normal
SizeChangeMode	QuickChange
SourceType	Characteristic
SourceType	CharacteristicKind
SourceType	CharacteristicMainFields
SourceType	ChoiceParamLinks
SourceType	EDBTableKeyFields
SourceType	FieldsForLocking
SourceType	InputByString
SourceType	StandardFields
SpreadsheetDocumentCellHighlightMode	Auto
SpreadsheetDocumentCellHighlightMode	Cell
SpreadsheetDocumentCellHighlightMode	DontHighlight
SpreadsheetDocumentCellHighlightMode	Row
SpreadsheetDocumentCellLineType	Dotted
SpreadsheetDocumentCellLineType	Double
SpreadsheetDocumentCellLineType	LargeDashed
SpreadsheetDocumentCellLineType	None
SpreadsheetDocumentCellLineType	Solid
SpreadsheetDocumentCellLineType	ThickDashed
SpreadsheetDocumentCellLineType	ThinDashed
SpreadsheetDocumentDrawingLineType	DashDotted
SpreadsheetDocumentDrawingLineType	DashDottedDotted
SpreadsheetDocumentDrawingLineType	Dashed
SpreadsheetDocumentDrawingLineType	Dotted
SpreadsheetDocumentDrawingLineType	None
SpreadsheetDocumentDrawingLineType	Solid
SpreadsheetDocumentSavedPicturesDensity	High
SpreadsheetDocumentSavedPicturesDensity	Low
SpreadsheetDocumentSavedPicturesDensity	Medium
SpreadsheetDocumentSavedPicturesDensity	Original
StandardAttribute	Account
StandardAttribute	AccountCr
StandardAttribute	AccountDr
StandardAttribute	ActionPeriod
StandardAttribute	ActionPeriodBegin
StandardAttribute	ActionPeriodEnd
StandardAttribute	Active
StandardAttribute	BasePeriod
StandardAttribute	BasePeriodBegin
StandardAttribute	BasePeriodEnd
StandardAttribute	BusinessProcess
StandardAttribute	CalculationType
StandardAttribute	Code
StandardAttribute	Currency
StandardAttribute	CurrencyCr
StandardAttribute	CurrencyDr
StandardAttribute	Date
StandardAttribute	DeletionMark
StandardAttribute	Description
StandardAttribute	HeadTask
StandardAttribute	IsFolder
StandardAttribute	LineNumber
StandardAttribute	Number
StandardAttribute	Order
StandardAttribute	Owner
StandardAttribute	Parent
StandardAttribute	Period
StandardAttribute	Posted
StandardAttribute	Predefined
StandardAttribute	PredefinedDataName
StandardAttribute	ReceivedNo
StandardAttribute	RecordType
StandardAttribute	Recorder
StandardAttribute	Ref
StandardAttribute	SentNo
StandardAttribute	ThisNode
StandardAttribute	ValueType
StandardBeginningDateVariant	BeginningOfLastDay
StandardBeginningDateVariant	BeginningOfLastHalfYear
StandardBeginningDateVariant	BeginningOfLastMonth
StandardBeginningDateVariant	BeginningOfLastQuarter
StandardBeginningDateVariant	BeginningOfLastTenDays
StandardBeginningDateVariant	BeginningOfLastWeek
StandardBeginningDateVariant	BeginningOfLastYear
StandardBeginningDateVariant	BeginningOfNextDay
StandardBeginningDateVariant	BeginningOfNextHalfYear
StandardBeginningDateVariant	BeginningOfNextMonth
StandardBeginningDateVariant	BeginningOfNextQuarter
StandardBeginningDateVariant	BeginningOfNextTenDays
StandardBeginningDateVariant	BeginningOfNextWeek
StandardBeginningDateVariant	BeginningOfNextYear
StandardBeginningDateVariant	BeginningOfThisDay
StandardBeginningDateVariant	BeginningOfThisHalfYear
StandardBeginningDateVariant	BeginningOfThisMonth
StandardBeginningDateVariant	BeginningOfThisQuarter
StandardBeginningDateVariant	BeginningOfThisTenDays
StandardBeginningDateVariant	BeginningOfThisWeek
StandardBeginningDateVariant	BeginningOfThisYear
StandardBeginningDateVariant	Custom
StandardCommandsGroup	ActionsPanelCreate
StandardCommandsGroup	ActionsPanelReports
StandardCommandsGroup	ActionsPanelTools
StandardCommandsGroup	FormCommandBarCreateBasedOn
StandardCommandsGroup	FormCommandBarImportant
StandardCommandsGroup	FormNavigationPanelGoTo
StandardCommandsGroup	FormNavigationPanelImportant
StandardCommandsGroup	FormNavigationPanelSeeAlso
StandardCommandsGroup	NavigationPanelImportant
StandardCommandsGroup	NavigationPanelOrdinary
StandardCommandsGroup	NavigationPanelSeeAlso
StandardPeriodVariant	Custom
StandardPeriodVariant	FromBeginningOfThisHalfYear
StandardPeriodVariant	FromBeginningOfThisMonth
StandardPeriodVariant	FromBeginningOfThisQuarter
StandardPeriodVariant	FromBeginningOfThisTenDays
StandardPeriodVariant	FromBeginningOfThisWeek
StandardPeriodVariant	FromBeginningOfThisYear
StandardPeriodVariant	Last7Days
StandardPeriodVariant	LastHalfYear
StandardPeriodVariant	LastHalfYearTillSameDate
StandardPeriodVariant	LastMonth
StandardPeriodVariant	LastMonthTillSameDate
StandardPeriodVariant	LastQuarter
StandardPeriodVariant	LastQuarterTillSameDate
StandardPeriodVariant	LastTenDays
StandardPeriodVariant	LastTenDaysTillSameDayNumber
StandardPeriodVariant	LastWeek
StandardPeriodVariant	LastWeekTillSameWeekDay
StandardPeriodVariant	LastYear
StandardPeriodVariant	LastYearTillSameDate
StandardPeriodVariant	Month
StandardPeriodVariant	Next7Days
StandardPeriodVariant	NextHalfYear
StandardPeriodVariant	NextHalfYearTillSameDate
StandardPeriodVariant	NextMonth
StandardPeriodVariant	NextMonthTillSameDate
StandardPeriodVariant	NextQuarter
StandardPeriodVariant	NextQuarterTillSameDate
StandardPeriodVariant	NextTenDays
StandardPeriodVariant	NextTenDaysTillSameDayNumber
StandardPeriodVariant	NextWeek
StandardPeriodVariant	NextWeekTillSameWeekDay
StandardPeriodVariant	NextYear
StandardPeriodVariant	NextYearTillSameDate
StandardPeriodVariant	ThisHalfYear
StandardPeriodVariant	ThisMonth
StandardPeriodVariant	ThisQuarter
StandardPeriodVariant	ThisTenDays
StandardPeriodVariant	ThisWeek
StandardPeriodVariant	ThisYear
StandardPeriodVariant	TillEndOfThisHalfYear
StandardPeriodVariant	TillEndOfThisMonth
StandardPeriodVariant	TillEndOfThisQuarter
StandardPeriodVariant	TillEndOfThisTenDays
StandardPeriodVariant	TillEndOfThisWeek
StandardPeriodVariant	TillEndOfThisYear
StandardPeriodVariant	Today
StandardPeriodVariant	Tomorrow
StandardPeriodVariant	Yesterday
StyleElementType	Border
StyleElementType	Color
StyleElementType	Font
SubordinationUse	ToFolders
SubordinationUse	ToFoldersAndItems
SubordinationUse	ToItems
SynchronousPlatformExtensionAndAddInCallUseMode	DontUse
SynchronousPlatformExtensionAndAddInCallUseMode	Use
SynchronousPlatformExtensionAndAddInCallUseMode	UseWithWarnings
TaskMainPresentation	AsDescription
TaskMainPresentation	AsNumber
TaskNumberAutoPrefix	BusinessProcessNumber
TaskNumberAutoPrefix	DontUse
TaskNumberType	Number
TaskNumberType	String
TemplateType	ActiveDocument
TemplateType	AddIn
TemplateType	BinaryData
TemplateType	DataCompositionAppearanceTemplate
TemplateType	DataCompositionSchema
TemplateType	GeographicalSchema
TemplateType	GraphicalSchema
TemplateType	HTMLDocument
TemplateType	SpreadsheetDocument
TemplateType	TextDocument
TransactionsIsolationLevel	Automatic
TransactionsIsolationLevel	ReadCommitted
TransactionsIsolationLevel	ReadUncommitted
TransactionsIsolationLevel	RepeatableRead
TransactionsIsolationLevel	Serializable
TransferDirection	In
TransferDirection	InOut
TransferDirection	Out
TypeReductionMode	DeleteData
TypeReductionMode	Deny
TypeReductionMode	TransformValues
UseQuickChoice	Auto
UseQuickChoice	DontUse
UseQuickChoice	Use
Version85InterfaceMigrationMode	DontUse
Version85InterfaceMigrationMode	Use
VerticalAlign	Bottom
VerticalAlign	Center
VerticalAlign	Top
