type	name	literal	key
AccountMainPresentation	AsCode	AsCode	platform-value-AccountMainPresentation-AsCode
AccountMainPresentation	AsDescription	AsDescription	platform-value-AccountMainPresentation-AsDescription
AccountType	Active	Active	platform-value-AccountType-Active
AccountType	ActivePassive	ActivePassive	platform-value-AccountType-ActivePassive
AccountType	Passive	Passive	platform-value-AccountType-Passive
AccountingRecordType	Credit	Credit	platform-value-AccountingRecordType-Credit
AccountingRecordType	Debit	Debit	platform-value-AccountingRecordType-Debit
AccumulationRecordType	Expense	Expense	platform-value-AccumulationRecordType-Expense
AccumulationRecordType	Receipt	Receipt	platform-value-AccumulationRecordType-Receipt
AccumulationRegisterAggregatePeriodicity	Auto	Auto	platform-value-AccumulationRegisterAggregatePeriodicity-Auto
AccumulationRegisterAggregatePeriodicity	Day	Day	platform-value-AccumulationRegisterAggregatePeriodicity-Day
AccumulationRegisterAggregatePeriodicity	HalfYear	HalfYear	platform-value-AccumulationRegisterAggregatePeriodicity-HalfYear
AccumulationRegisterAggregatePeriodicity	Month	Month	platform-value-AccumulationRegisterAggregatePeriodicity-Month
AccumulationRegisterAggregatePeriodicity	Nonperiodical	Nonperiodical	platform-value-AccumulationRegisterAggregatePeriodicity-Nonperiodical
AccumulationRegisterAggregatePeriodicity	Quarter	Quarter	platform-value-AccumulationRegisterAggregatePeriodicity-Quarter
AccumulationRegisterAggregatePeriodicity	Year	Year	platform-value-AccumulationRegisterAggregatePeriodicity-Year
AccumulationRegisterAggregateUse	Always	Always	platform-value-AccumulationRegisterAggregateUse-Always
AccumulationRegisterAggregateUse	Auto	Auto	platform-value-AccumulationRegisterAggregateUse-Auto
AccumulationRegisterType	Balance	Balance	platform-value-AccumulationRegisterType-Balance
AccumulationRegisterType	Turnovers	Turnovers	platform-value-AccumulationRegisterType-Turnovers
AllowedIncomingShareRequestTypeProcessingVariant	Edit	Edit	platform-value-AllowedIncomingShareRequestTypeProcessingVariant-Edit
AllowedIncomingShareRequestTypeProcessingVariant	View	View	platform-value-AllowedIncomingShareRequestTypeProcessingVariant-View
AllowedLength	Fixed	Fixed	platform-value-AllowedLength-Fixed
AllowedLength	Variable	Variable	platform-value-AllowedLength-Variable
AllowedSign	Any	Any	platform-value-AllowedSign-Any
AllowedSign	Nonnegative	Nonnegative	platform-value-AllowedSign-Nonnegative
ApplicationUsePurpose	MobileDevice	MobileDevice	platform-value-ApplicationUsePurpose-MobileDevice
ApplicationUsePurpose	PersonalComputer	PersonalComputer	platform-value-ApplicationUsePurpose-PersonalComputer
AttributeUse	ForFolder	ForFolder	platform-value-AttributeUse-ForFolder
AttributeUse	ForFolderAndItem	ForFolderAndItem	platform-value-AttributeUse-ForFolderAndItem
AttributeUse	ForItem	ForItem	platform-value-AttributeUse-ForItem
AutoRegistrationChanges	Allow	Allow	platform-value-AutoRegistrationChanges-Allow
AutoRegistrationChanges	Deny	Deny	platform-value-AutoRegistrationChanges-Deny
AutoSeriesSeparation	All	All	platform-value-AutoSeriesSeparation-All
AutoSeriesSeparation	Maximum	Maximum	platform-value-AutoSeriesSeparation-Maximum
AutoSeriesSeparation	Minimum	Minimum	platform-value-AutoSeriesSeparation-Minimum
AutoSeriesSeparation	None	None	platform-value-AutoSeriesSeparation-None
AutoShowStateMode	Auto	Auto	platform-value-AutoShowStateMode-Auto
AutoShowStateMode	DontShow	DontShow	platform-value-AutoShowStateMode-DontShow
AutoShowStateMode	Show	Show	platform-value-AutoShowStateMode-Show
AutoShowStateMode	ShowOnComposition	ShowOnComposition	platform-value-AutoShowStateMode-ShowOnComposition
AutoTimeMode	CurrentOrFirst	CurrentOrFirst	platform-value-AutoTimeMode-CurrentOrFirst
AutoTimeMode	CurrentOrLast	CurrentOrLast	platform-value-AutoTimeMode-CurrentOrLast
AutoTimeMode	DontUse	DontUse	platform-value-AutoTimeMode-DontUse
AutoTimeMode	First	First	platform-value-AutoTimeMode-First
AutoTimeMode	Last	Last	platform-value-AutoTimeMode-Last
BinaryDataBlockStorageUseMode	DontUse	DontUse	platform-value-BinaryDataBlockStorageUseMode-DontUse
BinaryDataBlockStorageUseMode	Use	Use	platform-value-BinaryDataBlockStorageUseMode-Use
BinaryDataStorageLocationUse	DontUse	DontUse	platform-value-BinaryDataStorageLocationUse-DontUse
BinaryDataStorageLocationUse	Use	Use	platform-value-BinaryDataStorageLocationUse-Use
BinaryDataStorageMode	DontUse	DontUse	platform-value-BinaryDataStorageMode-DontUse
BinaryDataStorageMode	Use	Use	platform-value-BinaryDataStorageMode-Use
BorderStyle	Double	Double	platform-value-BorderStyle-Double
BorderStyle	DoubleUnderline	DoubleUnderline	platform-value-BorderStyle-DoubleUnderline
BorderStyle	Embossed	Embossed	platform-value-BorderStyle-Embossed
BorderStyle	Indented	Indented	platform-value-BorderStyle-Indented
BorderStyle	None	WithoutBorder	platform-value-BorderStyle-None
BorderStyle	Overline	Overline	platform-value-BorderStyle-Overline
BorderStyle	Rounded	Rounded	platform-value-BorderStyle-Rounded
BorderStyle	Single	Single	platform-value-BorderStyle-Single
BorderStyle	Underline	Underline	platform-value-BorderStyle-Underline
BusinessProcessNumberPeriodicity	Day	Day	platform-value-BusinessProcessNumberPeriodicity-Day
BusinessProcessNumberPeriodicity	Month	Month	platform-value-BusinessProcessNumberPeriodicity-Month
BusinessProcessNumberPeriodicity	Nonperiodical	Nonperiodical	platform-value-BusinessProcessNumberPeriodicity-Nonperiodical
BusinessProcessNumberPeriodicity	Quarter	Quarter	platform-value-BusinessProcessNumberPeriodicity-Quarter
BusinessProcessNumberPeriodicity	Year	Year	platform-value-BusinessProcessNumberPeriodicity-Year
BusinessProcessNumberType	Number	Number	platform-value-BusinessProcessNumberType-Number
BusinessProcessNumberType	String	String	platform-value-BusinessProcessNumberType-String
ButtonRepresentation	Auto	Auto	platform-value-ButtonRepresentation-Auto
ButtonRepresentation	Picture	Picture	platform-value-ButtonRepresentation-Picture
ButtonRepresentation	PictureAndText	PictureAndText	platform-value-ButtonRepresentation-PictureAndText
ButtonRepresentation	Text	Text	platform-value-ButtonRepresentation-Text
CalculationRegisterPeriodicity	Day	Day	platform-value-CalculationRegisterPeriodicity-Day
CalculationRegisterPeriodicity	Month	Month	platform-value-CalculationRegisterPeriodicity-Month
CalculationRegisterPeriodicity	Quarter	Quarter	platform-value-CalculationRegisterPeriodicity-Quarter
CalculationRegisterPeriodicity	Year	Year	platform-value-CalculationRegisterPeriodicity-Year
CalculationTypeMainPresentation	AsCode	AsCode	platform-value-CalculationTypeMainPresentation-AsCode
CalculationTypeMainPresentation	AsDescription	AsDescription	platform-value-CalculationTypeMainPresentation-AsDescription
CatalogCodeType	Number	Number	platform-value-CatalogCodeType-Number
CatalogCodeType	String	String	platform-value-CatalogCodeType-String
CatalogCodesSeries	WholeCatalog	WholeCatalog	platform-value-CatalogCodesSeries-WholeCatalog
CatalogCodesSeries	WithinOwnerSubordination	WithinOwnerSubordination	platform-value-CatalogCodesSeries-WithinOwnerSubordination
CatalogCodesSeries	WithinSubordination	WithinSubordination	platform-value-CatalogCodesSeries-WithinSubordination
CatalogMainPresentation	AsCode	AsCode	platform-value-CatalogMainPresentation-AsCode
CatalogMainPresentation	AsDescription	AsDescription	platform-value-CatalogMainPresentation-AsDescription
CellTextPosition	Auto	Auto	platform-value-CellTextPosition-Auto
CellTextPosition	Bottom	Bottom	platform-value-CellTextPosition-Bottom
CellTextPosition	Left	Left	platform-value-CellTextPosition-Left
CellTextPosition	OnTop	OnTop	platform-value-CellTextPosition-OnTop
CellTextPosition	Right	Right	platform-value-CellTextPosition-Right
CellTextPosition	Top	Top	platform-value-CellTextPosition-Top
CharOfAccountCodeSeries	WholeChartOfAccounts	WholeChartOfAccounts	platform-value-CharOfAccountCodeSeries-WholeChartOfAccounts
CharOfAccountCodeSeries	WithinSubordination	WithinSubordination	platform-value-CharOfAccountCodeSeries-WithinSubordination
CharacteristicKindCodesSeries	WholeCharacteristicKind	WholeCharacteristicKind	platform-value-CharacteristicKindCodesSeries-WholeCharacteristicKind
CharacteristicKindCodesSeries	WithinSubordination	WithinSubordination	platform-value-CharacteristicKindCodesSeries-WithinSubordination
CharacteristicTypeMainPresentation	AsCode	AsCode	platform-value-CharacteristicTypeMainPresentation-AsCode
CharacteristicTypeMainPresentation	AsDescription	AsDescription	platform-value-CharacteristicTypeMainPresentation-AsDescription
ChartLabelType	None	None	platform-value-ChartLabelType-None
ChartLabelType	Percent	Percent	platform-value-ChartLabelType-Percent
ChartLabelType	Point	Point	platform-value-ChartLabelType-Point
ChartLabelType	PointPercent	PointPercent	platform-value-ChartLabelType-PointPercent
ChartLabelType	PointSize	PointSize	platform-value-ChartLabelType-PointSize
ChartLabelType	PointValue	PointValue	platform-value-ChartLabelType-PointValue
ChartLabelType	PointValuePercent	PointValuePercent	platform-value-ChartLabelType-PointValuePercent
ChartLabelType	PointValueSize	PointValueSize	platform-value-ChartLabelType-PointValueSize
ChartLabelType	Series	Series	platform-value-ChartLabelType-Series
ChartLabelType	SeriesPercent	SeriesPercent	platform-value-ChartLabelType-SeriesPercent
ChartLabelType	SeriesPoint	SeriesPoint	platform-value-ChartLabelType-SeriesPoint
ChartLabelType	SeriesPointPercent	SeriesPointPercent	platform-value-ChartLabelType-SeriesPointPercent
ChartLabelType	SeriesPointSize	SeriesPointSize	platform-value-ChartLabelType-SeriesPointSize
ChartLabelType	SeriesPointValue	SeriesPointValue	platform-value-ChartLabelType-SeriesPointValue
ChartLabelType	SeriesPointValuePercent	SeriesPointValuePercent	platform-value-ChartLabelType-SeriesPointValuePercent
ChartLabelType	SeriesPointValueSize	SeriesPointValueSize	platform-value-ChartLabelType-SeriesPointValueSize
ChartLabelType	SeriesSize	SeriesSize	platform-value-ChartLabelType-SeriesSize
ChartLabelType	SeriesValue	SeriesValue	platform-value-ChartLabelType-SeriesValue
ChartLabelType	SeriesValuePercent	SeriesValuePercent	platform-value-ChartLabelType-SeriesValuePercent
ChartLabelType	SeriesValueSize	SeriesValueSize	platform-value-ChartLabelType-SeriesValueSize
ChartLabelType	Value	Value	platform-value-ChartLabelType-Value
ChartLabelType	ValuePercent	ValuePercent	platform-value-ChartLabelType-ValuePercent
ChartLabelType	ValueSize	ValueSize	platform-value-ChartLabelType-ValueSize
ChartLineType	DashDotted	DashDotted	platform-value-ChartLineType-DashDotted
ChartLineType	DashDottedDotted	DashDottedDotted	platform-value-ChartLineType-DashDottedDotted
ChartLineType	Dashed	Dashed	platform-value-ChartLineType-Dashed
ChartLineType	Dotted	Dotted	platform-value-ChartLineType-Dotted
ChartLineType	None	None	platform-value-ChartLineType-None
ChartLineType	Solid	Solid	platform-value-ChartLineType-Solid
ChartOfCalculationTypesBaseUse	DontUse	DontUse	platform-value-ChartOfCalculationTypesBaseUse-DontUse
ChartOfCalculationTypesBaseUse	OnActionPeriod	OnActionPeriod	platform-value-ChartOfCalculationTypesBaseUse-OnActionPeriod
ChartOfCalculationTypesBaseUse	OnRegistrationPeriod	OnRegistrationPeriod	platform-value-ChartOfCalculationTypesBaseUse-OnRegistrationPeriod
ChartOfCalculationTypesCodeType	Number	Number	platform-value-ChartOfCalculationTypesCodeType-Number
ChartOfCalculationTypesCodeType	String	String	platform-value-ChartOfCalculationTypesCodeType-String
ChartSemitransparencyMode	Auto	Auto	platform-value-ChartSemitransparencyMode-Auto
ChartSemitransparencyMode	AutoCalculate	AutoCalculate	platform-value-ChartSemitransparencyMode-AutoCalculate
ChartSemitransparencyMode	DontUse	DontUse	platform-value-ChartSemitransparencyMode-DontUse
ChartSemitransparencyMode	Use	Use	platform-value-ChartSemitransparencyMode-Use
ChartSplineMode	None	None	platform-value-ChartSplineMode-None
ChartSplineMode	SmoothCurve	SmoothCurve	platform-value-ChartSplineMode-SmoothCurve
ChartType	Area	Area	platform-value-ChartType-Area
ChartType	Bar	Bar	platform-value-ChartType-Bar
ChartType	Bar3D	Bar3D	platform-value-ChartType-Bar3D
ChartType	BarGraph	BarGraph	platform-value-ChartType-BarGraph
ChartType	Bubble	Bubble	platform-value-ChartType-Bubble
ChartType	CeilGraph	CeilGraph	platform-value-ChartType-CeilGraph
ChartType	Column	Column	platform-value-ChartType-Column
ChartType	Column3D	Column3D	platform-value-ChartType-Column3D
ChartType	ConcaveSurface	ConcaveSurface	platform-value-ChartType-ConcaveSurface
ChartType	ConvexSurface	ConvexSurface	platform-value-ChartType-ConvexSurface
ChartType	Donut	Donut	platform-value-ChartType-Donut
ChartType	Donut3D	Donut3D	platform-value-ChartType-Donut3D
ChartType	Funnel	Funnel	platform-value-ChartType-Funnel
ChartType	Funnel3D	Funnel3D	platform-value-ChartType-Funnel3D
ChartType	Gauge	Gauge	platform-value-ChartType-Gauge
ChartType	Honeycomb	Honeycomb	platform-value-ChartType-Honeycomb
ChartType	Line	Line	platform-value-ChartType-Line
ChartType	NormalizedArea	NormalizedArea	platform-value-ChartType-NormalizedArea
ChartType	NormalizedBar	NormalizedBar	platform-value-ChartType-NormalizedBar
ChartType	NormalizedBar3D	NormalizedBar3D	platform-value-ChartType-NormalizedBar3D
ChartType	NormalizedColumn	NormalizedColumn	platform-value-ChartType-NormalizedColumn
ChartType	NormalizedColumn3D	NormalizedColumn3D	platform-value-ChartType-NormalizedColumn3D
ChartType	NormalizedFunnel	NormalizedFunnel	platform-value-ChartType-NormalizedFunnel
ChartType	NormalizedFunnel3D	NormalizedFunnel3D	platform-value-ChartType-NormalizedFunnel3D
ChartType	OpenHighLowClose	OpenHighLowClose	platform-value-ChartType-OpenHighLowClose
ChartType	Pie	Pie	platform-value-ChartType-Pie
ChartType	Pie3D	Pie3D	platform-value-ChartType-Pie3D
ChartType	PyramidGraph	PyramidGraph	platform-value-ChartType-PyramidGraph
ChartType	RadarArea	RadarArea	platform-value-ChartType-RadarArea
ChartType	RadarLine	RadarLine	platform-value-ChartType-RadarLine
ChartType	RadarNormalizedArea	RadarNormalizedArea	platform-value-ChartType-RadarNormalizedArea
ChartType	RadarStackedArea	RadarStackedArea	platform-value-ChartType-RadarStackedArea
ChartType	RadarStackedLine	RadarStackedLine	platform-value-ChartType-RadarStackedLine
ChartType	Scatter	Scatter	platform-value-ChartType-Scatter
ChartType	ShadedSurface	ShadedSurface	platform-value-ChartType-ShadedSurface
ChartType	StackedArea	StackedArea	platform-value-ChartType-StackedArea
ChartType	StackedBar	StackedBar	platform-value-ChartType-StackedBar
ChartType	StackedBar3D	StackedBar3D	platform-value-ChartType-StackedBar3D
ChartType	StackedColumn	StackedColumn	platform-value-ChartType-StackedColumn
ChartType	StackedColumn3D	StackedColumn3D	platform-value-ChartType-StackedColumn3D
ChartType	StackedLine	StackedLine	platform-value-ChartType-StackedLine
ChartType	Step	Step	platform-value-ChartType-Step
ChartType	Stock	Stock	platform-value-ChartType-Stock
ChartType	Surface	Surface	platform-value-ChartType-Surface
ChartType	TapeGraph	TapeGraph	platform-value-ChartType-TapeGraph
ChartType	Waterfall	Waterfall	platform-value-ChartType-Waterfall
ChartType	WireframeSurface	WireframeSurface	platform-value-ChartType-WireframeSurface
ChartValuesBySeriesConnectionType	EdgesConnection	EdgesConnection	platform-value-ChartValuesBySeriesConnectionType-EdgesConnection
ChartValuesBySeriesConnectionType	None	None	platform-value-ChartValuesBySeriesConnectionType-None
ChoiceDataGetModeOnInputByString	Background	Background	platform-value-ChoiceDataGetModeOnInputByString-Background
ChoiceDataGetModeOnInputByString	Directly	Directly	platform-value-ChoiceDataGetModeOnInputByString-Directly
ChoiceHistoryOnInput	Auto	Auto	platform-value-ChoiceHistoryOnInput-Auto
ChoiceHistoryOnInput	DontUse	DontUse	platform-value-ChoiceHistoryOnInput-DontUse
ChoiceMode	BothWays	BothWays	platform-value-ChoiceMode-BothWays
ChoiceMode	FromForm	FromForm	platform-value-ChoiceMode-FromForm
ChoiceMode	QuickChoice	QuickChoice	platform-value-ChoiceMode-QuickChoice
ClientApplicationTheme	Auto	Auto	platform-value-ClientApplicationTheme-Auto
ClientApplicationTheme	Dark	Dark	platform-value-ClientApplicationTheme-Dark
ClientApplicationTheme	Light	Light	platform-value-ClientApplicationTheme-Light
ClientApplicationWindowsOpenVariant	OpenDataInDialogs	OpenDataInDialogs	platform-value-ClientApplicationWindowsOpenVariant-OpenDataInDialogs
ClientApplicationWindowsOpenVariant	OpenDataInTabs	OpenDataInTabs	platform-value-ClientApplicationWindowsOpenVariant-OpenDataInTabs
ClientInterfaceScale	eCISCompact	eCISCompact	platform-value-ClientInterfaceScale-eCISCompact
ClientInterfaceScale	eCISNormal	eCISNormal	platform-value-ClientInterfaceScale-eCISNormal
ClientInterfaceScale	eCISUnknown	eCISUnknown	platform-value-ClientInterfaceScale-eCISUnknown
ClientInterfaceTheme	eCITDark	eCITDark	platform-value-ClientInterfaceTheme-eCITDark
ClientInterfaceTheme	eCITLight	eCITLight	platform-value-ClientInterfaceTheme-eCITLight
ClientInterfaceTheme	eCITUnknown	eCITUnknown	platform-value-ClientInterfaceTheme-eCITUnknown
ClientInterfaceVariant	ClassicManaged	ClassicManaged	platform-value-ClientInterfaceVariant-ClassicManaged
ClientInterfaceVariant	ClassicNotManaged	ClassicNotManaged	platform-value-ClientInterfaceVariant-ClassicNotManaged
ClientInterfaceVariant	DontSpecific	DontSpecific	platform-value-ClientInterfaceVariant-DontSpecific
ClientInterfaceVariant	Old	Old	platform-value-ClientInterfaceVariant-Old
ClientInterfaceVariant	Taxi	Taxi	platform-value-ClientInterfaceVariant-Taxi
ClientInterfaceVariant	TaxiCompact	TaxiCompact	platform-value-ClientInterfaceVariant-TaxiCompact
ClientInterfaceVariant	TaxiMobile	TaxiMobile	platform-value-ClientInterfaceVariant-TaxiMobile
ClientInterfaceVariant	Version8_5	Version8_5	platform-value-ClientInterfaceVariant-Version8_5
ClientInterfaceVariant	Version8_5Mobile	Version8_5Mobile	platform-value-ClientInterfaceVariant-Version8_5Mobile
ClientRunMode	Auto	Auto	platform-value-ClientRunMode-Auto
ClientRunMode	ManagedApplication	ManagedApplication	platform-value-ClientRunMode-ManagedApplication
ClientRunMode	OrdinaryApplication	OrdinaryApplication	platform-value-ClientRunMode-OrdinaryApplication
CommandGroupCategory	ActionsPanel	ActionsPanel	platform-value-CommandGroupCategory-ActionsPanel
CommandGroupCategory	FormCommandBar	FormCommandBar	platform-value-CommandGroupCategory-FormCommandBar
CommandGroupCategory	FormNavigationPanel	FormNavigationPanel	platform-value-CommandGroupCategory-FormNavigationPanel
CommandGroupCategory	NavigationPanel	NavigationPanel	platform-value-CommandGroupCategory-NavigationPanel
CommandParameterUseMode	Multiple	Multiple	platform-value-CommandParameterUseMode-Multiple
CommandParameterUseMode	Single	Single	platform-value-CommandParameterUseMode-Single
CommonAttributeAuthenticationSeparation	DontUse	DontUse	platform-value-CommonAttributeAuthenticationSeparation-DontUse
CommonAttributeAuthenticationSeparation	Separate	Separate	platform-value-CommonAttributeAuthenticationSeparation-Separate
CommonAttributeAutoUse	DontUse	DontUse	platform-value-CommonAttributeAutoUse-DontUse
CommonAttributeAutoUse	Use	Use	platform-value-CommonAttributeAutoUse-Use
CommonAttributeDataSeparation	DontUse	DontUse	platform-value-CommonAttributeDataSeparation-DontUse
CommonAttributeDataSeparation	Separate	Separate	platform-value-CommonAttributeDataSeparation-Separate
CommonAttributeExtensionSeparation	DontUse	DontUse	platform-value-CommonAttributeExtensionSeparation-DontUse
CommonAttributeExtensionSeparation	Separate	Separate	platform-value-CommonAttributeExtensionSeparation-Separate
CommonAttributeSeparatedDataUse	Independently	Independently	platform-value-CommonAttributeSeparatedDataUse-Independently
CommonAttributeSeparatedDataUse	IndependentlyAndSimultaneously	IndependentlyAndSimultaneously	platform-value-CommonAttributeSeparatedDataUse-IndependentlyAndSimultaneously
CommonAttributeUse	Auto	Auto	platform-value-CommonAttributeUse-Auto
CommonAttributeUse	DontUse	DontUse	platform-value-CommonAttributeUse-DontUse
CommonAttributeUse	Use	Use	platform-value-CommonAttributeUse-Use
CommonAttributeUsersSeparation	DontUse	DontUse	platform-value-CommonAttributeUsersSeparation-DontUse
CommonAttributeUsersSeparation	Separate	Separate	platform-value-CommonAttributeUsersSeparation-Separate
CompatibilityMode	DontUse	DontUse	platform-value-CompatibilityMode-DontUse
CompatibilityMode	Version8_1	8.1.0	platform-value-CompatibilityMode-Version8_1
CompatibilityMode	Version8_2_13	8.2.13	platform-value-CompatibilityMode-Version8_2_13
CompatibilityMode	Version8_2_16	8.2.16	platform-value-CompatibilityMode-Version8_2_16
CompatibilityMode	Version8_3_1	8.3.1	platform-value-CompatibilityMode-Version8_3_1
CompatibilityMode	Version8_3_10	8.3.10	platform-value-CompatibilityMode-Version8_3_10
CompatibilityMode	Version8_3_11	8.3.11	platform-value-CompatibilityMode-Version8_3_11
CompatibilityMode	Version8_3_12	8.3.12	platform-value-CompatibilityMode-Version8_3_12
CompatibilityMode	Version8_3_13	8.3.13	platform-value-CompatibilityMode-Version8_3_13
CompatibilityMode	Version8_3_14	8.3.14	platform-value-CompatibilityMode-Version8_3_14
CompatibilityMode	Version8_3_15	8.3.15	platform-value-CompatibilityMode-Version8_3_15
CompatibilityMode	Version8_3_16	8.3.16	platform-value-CompatibilityMode-Version8_3_16
CompatibilityMode	Version8_3_17	8.3.17	platform-value-CompatibilityMode-Version8_3_17
CompatibilityMode	Version8_3_18	8.3.18	platform-value-CompatibilityMode-Version8_3_18
CompatibilityMode	Version8_3_19	8.3.19	platform-value-CompatibilityMode-Version8_3_19
CompatibilityMode	Version8_3_2	8.3.2	platform-value-CompatibilityMode-Version8_3_2
CompatibilityMode	Version8_3_20	8.3.20	platform-value-CompatibilityMode-Version8_3_20
CompatibilityMode	Version8_3_21	8.3.21	platform-value-CompatibilityMode-Version8_3_21
CompatibilityMode	Version8_3_22	8.3.22	platform-value-CompatibilityMode-Version8_3_22
CompatibilityMode	Version8_3_23	8.3.23	platform-value-CompatibilityMode-Version8_3_23
CompatibilityMode	Version8_3_24	8.3.24	platform-value-CompatibilityMode-Version8_3_24
CompatibilityMode	Version8_3_25	8.3.25	platform-value-CompatibilityMode-Version8_3_25
CompatibilityMode	Version8_3_26	8.3.26	platform-value-CompatibilityMode-Version8_3_26
CompatibilityMode	Version8_3_27	8.3.27	platform-value-CompatibilityMode-Version8_3_27
CompatibilityMode	Version8_3_3	8.3.3	platform-value-CompatibilityMode-Version8_3_3
CompatibilityMode	Version8_3_4	8.3.4	platform-value-CompatibilityMode-Version8_3_4
CompatibilityMode	Version8_3_5	8.3.5	platform-value-CompatibilityMode-Version8_3_5
CompatibilityMode	Version8_3_6	8.3.6	platform-value-CompatibilityMode-Version8_3_6
CompatibilityMode	Version8_3_7	8.3.7	platform-value-CompatibilityMode-Version8_3_7
CompatibilityMode	Version8_3_8	8.3.8	platform-value-CompatibilityMode-Version8_3_8
CompatibilityMode	Version8_3_9	8.3.9	platform-value-CompatibilityMode-Version8_3_9
CompatibilityMode	Version8_5_1	8.5.1	platform-value-CompatibilityMode-Version8_5_1
ConfigurationExtensionPurpose	AddOn	AddOn	platform-value-ConfigurationExtensionPurpose-AddOn
ConfigurationExtensionPurpose	Customization	Customization	platform-value-ConfigurationExtensionPurpose-Customization
ConfigurationExtensionPurpose	Patch	Patch	platform-value-ConfigurationExtensionPurpose-Patch
CreateOnInput	Auto	Auto	platform-value-CreateOnInput-Auto
CreateOnInput	DontUse	DontUse	platform-value-CreateOnInput-DontUse
CreateOnInput	Use	Use	platform-value-CreateOnInput-Use
DataExchangeMainPresentation	AsCode	AsCode	platform-value-DataExchangeMainPresentation-AsCode
DataExchangeMainPresentation	AsDescription	AsDescription	platform-value-DataExchangeMainPresentation-AsDescription
DataHistoryUse	DontUse	DontUse	platform-value-DataHistoryUse-DontUse
DataHistoryUse	Use	Use	platform-value-DataHistoryUse-Use
DatabaseTablespacesUseMode	DontUse	DontUse	platform-value-DatabaseTablespacesUseMode-DontUse
DatabaseTablespacesUseMode	Use	Use	platform-value-DatabaseTablespacesUseMode-Use
DateFractions	Date	Date	platform-value-DateFractions-Date
DateFractions	DateTime	DateTime	platform-value-DateFractions-DateTime
DateFractions	Time	Time	platform-value-DateFractions-Time
DefaultDataLockControlMode	Automatic	Automatic	platform-value-DefaultDataLockControlMode-Automatic
DefaultDataLockControlMode	AutomaticAndManaged	AutomaticAndManaged	platform-value-DefaultDataLockControlMode-AutomaticAndManaged
DefaultDataLockControlMode	Managed	Managed	platform-value-DefaultDataLockControlMode-Managed
DefaultReportAppearanceTemplate	Antique	Antique	platform-value-DefaultReportAppearanceTemplate-Antique
DefaultReportAppearanceTemplate	Arctic	Arctic	platform-value-DefaultReportAppearanceTemplate-Arctic
DefaultReportAppearanceTemplate	Gaudy	Gaudy	platform-value-DefaultReportAppearanceTemplate-Gaudy
DefaultReportAppearanceTemplate	Green	Green	platform-value-DefaultReportAppearanceTemplate-Green
DefaultReportAppearanceTemplate	Main	Main	platform-value-DefaultReportAppearanceTemplate-Main
DefaultReportAppearanceTemplate	None	None	platform-value-DefaultReportAppearanceTemplate-None
DefaultReportAppearanceTemplate	Sea	Sea	platform-value-DefaultReportAppearanceTemplate-Sea
DefaultReportAppearanceTemplate	Version8_5	Version8_5	platform-value-DefaultReportAppearanceTemplate-Version8_5
DocumentNumberPeriodicity	Day	Day	platform-value-DocumentNumberPeriodicity-Day
DocumentNumberPeriodicity	Month	Month	platform-value-DocumentNumberPeriodicity-Month
DocumentNumberPeriodicity	Nonperiodical	Nonperiodical	platform-value-DocumentNumberPeriodicity-Nonperiodical
DocumentNumberPeriodicity	Quarter	Quarter	platform-value-DocumentNumberPeriodicity-Quarter
DocumentNumberPeriodicity	Year	Year	platform-value-DocumentNumberPeriodicity-Year
DocumentNumberType	Number	Number	platform-value-DocumentNumberType-Number
DocumentNumberType	String	String	platform-value-DocumentNumberType-String
EditType	BothWays	BothWays	platform-value-EditType-BothWays
EditType	InDialog	InDialog	platform-value-EditType-InDialog
EditType	InList	InList	platform-value-EditType-InList
ExternalDataSourceTableDataType	NonobjectData	NonobjectData	platform-value-ExternalDataSourceTableDataType-NonobjectData
ExternalDataSourceTableDataType	ObjectData	ObjectData	platform-value-ExternalDataSourceTableDataType-ObjectData
ExternalDataSourceTableType	Expression	Expression	platform-value-ExternalDataSourceTableType-Expression
ExternalDataSourceTableType	Table	Table	platform-value-ExternalDataSourceTableType-Table
FillChecking	DontCheck	DontCheck	platform-value-FillChecking-DontCheck
FillChecking	ShowError	ShowError	platform-value-FillChecking-ShowError
FoldersAndItemsUse	Folders	Folders	platform-value-FoldersAndItemsUse-Folders
FoldersAndItemsUse	FoldersAndItems	FoldersAndItems	platform-value-FoldersAndItemsUse-FoldersAndItems
FoldersAndItemsUse	Items	Items	platform-value-FoldersAndItemsUse-Items
FormPreferableInterface	Any	Any	platform-value-FormPreferableInterface-Any
FormPreferableInterface	Taxi	Taxi	platform-value-FormPreferableInterface-Taxi
FormPreferableInterface	Version85	Version85	platform-value-FormPreferableInterface-Version85
FormType	Managed	Managed	platform-value-FormType-Managed
FormType	Ordinary	Ordinary	platform-value-FormType-Ordinary
FullTextSearchOnInputByString	DontUse	DontUse	platform-value-FullTextSearchOnInputByString-DontUse
FullTextSearchOnInputByString	Use	Use	platform-value-FullTextSearchOnInputByString-Use
FullTextSearchUsing	DontUse	DontUse	platform-value-FullTextSearchUsing-DontUse
FullTextSearchUsing	Use	Use	platform-value-FullTextSearchUsing-Use
GeographicalSchemeLineType	DashDotted	DashDotted	platform-value-GeographicalSchemeLineType-DashDotted
GeographicalSchemeLineType	DashDottedDotted	DashDottedDotted	platform-value-GeographicalSchemeLineType-DashDottedDotted
GeographicalSchemeLineType	Dashed	Dashed	platform-value-GeographicalSchemeLineType-Dashed
GeographicalSchemeLineType	Dotted	Dotted	platform-value-GeographicalSchemeLineType-Dotted
GeographicalSchemeLineType	None	None	platform-value-GeographicalSchemeLineType-None
GeographicalSchemeLineType	Solid	Solid	platform-value-GeographicalSchemeLineType-Solid
HTTPMethod	Any	Any	platform-value-HTTPMethod-Any
HTTPMethod	CONNECT	CONNECT	platform-value-HTTPMethod-CONNECT
HTTPMethod	COPY	COPY	platform-value-HTTPMethod-COPY
HTTPMethod	DELETE	DELETE	platform-value-HTTPMethod-DELETE
HTTPMethod	GET	GET	platform-value-HTTPMethod-GET
HTTPMethod	LOCK	LOCK	platform-value-HTTPMethod-LOCK
HTTPMethod	MERGE	MERGE	platform-value-HTTPMethod-MERGE
HTTPMethod	MKCOL	MKCOL	platform-value-HTTPMethod-MKCOL
HTTPMethod	MOVE	MOVE	platform-value-HTTPMethod-MOVE
HTTPMethod	OPTIONS	OPTIONS	platform-value-HTTPMethod-OPTIONS
HTTPMethod	PATCH	PATCH	platform-value-HTTPMethod-PATCH
HTTPMethod	POST	POST	platform-value-HTTPMethod-POST
HTTPMethod	PROPFIND	PROPFIND	platform-value-HTTPMethod-PROPFIND
HTTPMethod	PROPPATCH	PROPPATCH	platform-value-HTTPMethod-PROPPATCH
HTTPMethod	PUT	PUT	platform-value-HTTPMethod-PUT
HTTPMethod	TRACE	TRACE	platform-value-HTTPMethod-TRACE
HTTPMethod	UNLOCK	UNLOCK	platform-value-HTTPMethod-UNLOCK
HierarchyType	HierarchyFoldersAndItems	HierarchyFoldersAndItems	platform-value-HierarchyType-HierarchyFoldersAndItems
HierarchyType	HierarchyOfItems	HierarchyOfItems	platform-value-HierarchyType-HierarchyOfItems
HorizontalAlign	Auto	Auto	platform-value-HorizontalAlign-Auto
HorizontalAlign	Center	Center	platform-value-HorizontalAlign-Center
HorizontalAlign	Justify	Justify	platform-value-HorizontalAlign-Justify
HorizontalAlign	Left	Left	platform-value-HorizontalAlign-Left
HorizontalAlign	Right	Right	platform-value-HorizontalAlign-Right
Indexing	DontIndex	DontIndex	platform-value-Indexing-DontIndex
Indexing	Index	Index	platform-value-Indexing-Index
Indexing	IndexWithAdditionalOrder	IndexWithAdditionalOrder	platform-value-Indexing-IndexWithAdditionalOrder
InformationRegisterPeriodicity	Day	Day	platform-value-InformationRegisterPeriodicity-Day
InformationRegisterPeriodicity	Month	Month	platform-value-InformationRegisterPeriodicity-Month
InformationRegisterPeriodicity	Nonperiodical	Nonperiodical	platform-value-InformationRegisterPeriodicity-Nonperiodical
InformationRegisterPeriodicity	Quarter	Quarter	platform-value-InformationRegisterPeriodicity-Quarter
InformationRegisterPeriodicity	RecorderPosition	RecorderPosition	platform-value-InformationRegisterPeriodicity-RecorderPosition
InformationRegisterPeriodicity	Second	Second	platform-value-InformationRegisterPeriodicity-Second
InformationRegisterPeriodicity	Year	Year	platform-value-InformationRegisterPeriodicity-Year
IntegrationServiceChannelMessageDirection	Receive	Receive	platform-value-IntegrationServiceChannelMessageDirection-Receive
IntegrationServiceChannelMessageDirection	Send	Send	platform-value-IntegrationServiceChannelMessageDirection-Send
InterfaceCompatibilityMode	Taxi	Taxi	platform-value-InterfaceCompatibilityMode-Taxi
InterfaceCompatibilityMode	TaxiEnableVersion8_2	TaxiEnableVersion8_2	platform-value-InterfaceCompatibilityMode-TaxiEnableVersion8_2
InterfaceCompatibilityMode	TaxiEnableVersion8_5	TaxiEnableVersion8_5	platform-value-InterfaceCompatibilityMode-TaxiEnableVersion8_5
InterfaceCompatibilityMode	Version8_2	Version8_2	platform-value-InterfaceCompatibilityMode-Version8_2
InterfaceCompatibilityMode	Version8_2EnableTaxi	Version8_2EnableTaxi	platform-value-InterfaceCompatibilityMode-Version8_2EnableTaxi
InterfaceCompatibilityMode	Version8_5	Version8_5	platform-value-InterfaceCompatibilityMode-Version8_5
InterfaceCompatibilityMode	Version8_5EnableTaxi	Version8_5EnableTaxi	platform-value-InterfaceCompatibilityMode-Version8_5EnableTaxi
InterfaceType	Any	Any	platform-value-InterfaceType-Any
InterfaceType	Taxi	Taxi	platform-value-InterfaceType-Taxi
InterfaceType	Version8_5	Version8_5	platform-value-InterfaceType-Version8_5
LinkedValueChangeMode	Clear	Clear	platform-value-LinkedValueChangeMode-Clear
LinkedValueChangeMode	DontChange	DontChange	platform-value-LinkedValueChangeMode-DontChange
MainClientApplicationWindowInterfaceVariant	NavigationLeft	NavigationLeft	platform-value-MainClientApplicationWindowInterfaceVariant-NavigationLeft
MainClientApplicationWindowInterfaceVariant	NavigationTop	NavigationTop	platform-value-MainClientApplicationWindowInterfaceVariant-NavigationTop
MainClientApplicationWindowMode	EmbeddedWorkplace	EmbeddedWorkplace	platform-value-MainClientApplicationWindowMode-EmbeddedWorkplace
MainClientApplicationWindowMode	FullscreenWorkplace	FullscreenWorkplace	platform-value-MainClientApplicationWindowMode-FullscreenWorkplace
MainClientApplicationWindowMode	Kiosk	Kiosk	platform-value-MainClientApplicationWindowMode-Kiosk
MainClientApplicationWindowMode	Normal	Normal	platform-value-MainClientApplicationWindowMode-Normal
MainClientApplicationWindowMode	Workplace	Workplace	platform-value-MainClientApplicationWindowMode-Workplace
MetadataEvent	AfterWriteDataHistoryVersionsProcessing	AfterWriteDataHistoryVersionsProcessing	platform-value-MetadataEvent-AfterWriteDataHistoryVersionsProcessing
MetadataEvent	BeforeBeginSendDataToMaster	BeforeBeginSendDataToMaster	platform-value-MetadataEvent-BeforeBeginSendDataToMaster
MetadataEvent	BeforeBeginSendDataToSlave	BeforeBeginSendDataToSlave	platform-value-MetadataEvent-BeforeBeginSendDataToSlave
MetadataEvent	BeforeCreateInitialImage	BeforeCreateInitialImage	platform-value-MetadataEvent-BeforeCreateInitialImage
MetadataEvent	BeforeDelete	BeforeDelete	platform-value-MetadataEvent-BeforeDelete
MetadataEvent	BeforeExecute	BeforeExecute	platform-value-MetadataEvent-BeforeExecute
MetadataEvent	BeforeExecuteInteractively	BeforeExecuteInteractively	platform-value-MetadataEvent-BeforeExecuteInteractively
MetadataEvent	BeforeWrite	BeforeWrite	platform-value-MetadataEvent-BeforeWrite
MetadataEvent	ChoiceDataGetProcessing	ChoiceDataGetProcessing	platform-value-MetadataEvent-ChoiceDataGetProcessing
MetadataEvent	FillCheckProcessing	FillCheckProcessing	platform-value-MetadataEvent-FillCheckProcessing
MetadataEvent	Filling	Filling	platform-value-MetadataEvent-Filling
MetadataEvent	FormGetProcessing	FormGetProcessing	platform-value-MetadataEvent-FormGetProcessing
MetadataEvent	GenerateFromDataHistoryVersionProcessing	GenerateFromDataHistoryVersionProcessing	platform-value-MetadataEvent-GenerateFromDataHistoryVersionProcessing
MetadataEvent	GetDescriptionProcessing	GetDescriptionProcessing	platform-value-MetadataEvent-GetDescriptionProcessing
MetadataEvent	InteractiveActivationProcessing	InteractiveActivationProcessing	platform-value-MetadataEvent-InteractiveActivationProcessing
MetadataEvent	LoadProcessing	LoadProcessing	platform-value-MetadataEvent-LoadProcessing
MetadataEvent	OnAutoCreateNewNode	OnAutoCreateNewNode	platform-value-MetadataEvent-OnAutoCreateNewNode
MetadataEvent	OnCheckExecutionProcessing	OnCheckExecutionProcessing	platform-value-MetadataEvent-OnCheckExecutionProcessing
MetadataEvent	OnCopy	OnCopy	platform-value-MetadataEvent-OnCopy
MetadataEvent	OnExecute	OnExecute	platform-value-MetadataEvent-OnExecute
MetadataEvent	OnReceiveDataFromMaster	OnReceiveDataFromMaster	platform-value-MetadataEvent-OnReceiveDataFromMaster
MetadataEvent	OnReceiveDataFromSlave	OnReceiveDataFromSlave	platform-value-MetadataEvent-OnReceiveDataFromSlave
MetadataEvent	OnReceiveNodeDataFromMaster	OnReceiveNodeDataFromMaster	platform-value-MetadataEvent-OnReceiveNodeDataFromMaster
MetadataEvent	OnSendDataToMaster	OnSendDataToMaster	platform-value-MetadataEvent-OnSendDataToMaster
MetadataEvent	OnSendDataToSlave	OnSendDataToSlave	platform-value-MetadataEvent-OnSendDataToSlave
MetadataEvent	OnSendNodeDataToSlave	OnSendNodeDataToSlave	platform-value-MetadataEvent-OnSendNodeDataToSlave
MetadataEvent	OnSetNewCode	OnSetNewCode	platform-value-MetadataEvent-OnSetNewCode
MetadataEvent	OnSetNewNumber	OnSetNewNumber	platform-value-MetadataEvent-OnSetNewNumber
MetadataEvent	OnWrite	OnWrite	platform-value-MetadataEvent-OnWrite
MetadataEvent	Posting	Posting	platform-value-MetadataEvent-Posting
MetadataEvent	PresentationFieldsGetProcessing	PresentationFieldsGetProcessing	platform-value-MetadataEvent-PresentationFieldsGetProcessing
MetadataEvent	PresentationGetProcessing	PresentationGetProcessing	platform-value-MetadataEvent-PresentationGetProcessing
MetadataEvent	SaveProcessing	SaveProcessing	platform-value-MetadataEvent-SaveProcessing
MetadataEvent	SetDescriptionProcessing	SetDescriptionProcessing	platform-value-MetadataEvent-SetDescriptionProcessing
MetadataEvent	UndoPosting	UndoPosting	platform-value-MetadataEvent-UndoPosting
MobileApplicationFunctionalities	Ads	Ads	platform-value-MobileApplicationFunctionalities-Ads
MobileApplicationFunctionalities	AllFilesAccess	AllFilesAccess	platform-value-MobileApplicationFunctionalities-AllFilesAccess
MobileApplicationFunctionalities	AllIncomingShareRequestsTypesProcessing	AllIncomingShareRequestsTypesProcessing	platform-value-MobileApplicationFunctionalities-AllIncomingShareRequestsTypesProcessing
MobileApplicationFunctionalities	ApplicationUsageStatistics	ApplicationUsageStatistics	platform-value-MobileApplicationFunctionalities-ApplicationUsageStatistics
MobileApplicationFunctionalities	AudioPlaybackAndVibration	AudioPlaybackAndVibration	platform-value-MobileApplicationFunctionalities-AudioPlaybackAndVibration
MobileApplicationFunctionalities	AutoSendSMS	AutoSendSMS	platform-value-MobileApplicationFunctionalities-AutoSendSMS
MobileApplicationFunctionalities	BackgroundAudioPlaybackAndVibration	BackgroundAudioPlaybackAndVibration	platform-value-MobileApplicationFunctionalities-BackgroundAudioPlaybackAndVibration
MobileApplicationFunctionalities	BackgroundAudioRecording	BackgroundAudioRecording	platform-value-MobileApplicationFunctionalities-BackgroundAudioRecording
MobileApplicationFunctionalities	BackgroundLocation	BackgroundLocation	platform-value-MobileApplicationFunctionalities-BackgroundLocation
MobileApplicationFunctionalities	BarcodeScanning	BarcodeScanning	platform-value-MobileApplicationFunctionalities-BarcodeScanning
MobileApplicationFunctionalities	Biometrics	Biometrics	platform-value-MobileApplicationFunctionalities-Biometrics
MobileApplicationFunctionalities	BluetoothPrinters	BluetoothPrinters	platform-value-MobileApplicationFunctionalities-BluetoothPrinters
MobileApplicationFunctionalities	Calendars	Calendars	platform-value-MobileApplicationFunctionalities-Calendars
MobileApplicationFunctionalities	CallLog	CallLog	platform-value-MobileApplicationFunctionalities-CallLog
MobileApplicationFunctionalities	CallProcessing	CallProcessing	platform-value-MobileApplicationFunctionalities-CallProcessing
MobileApplicationFunctionalities	Camera	Camera	platform-value-MobileApplicationFunctionalities-Camera
MobileApplicationFunctionalities	Contacts	Contacts	platform-value-MobileApplicationFunctionalities-Contacts
MobileApplicationFunctionalities	DocumentScanning	DocumentScanning	platform-value-MobileApplicationFunctionalities-DocumentScanning
MobileApplicationFunctionalities	Geofences	Geofences	platform-value-MobileApplicationFunctionalities-Geofences
MobileApplicationFunctionalities	InAppPurchases	InAppPurchases	platform-value-MobileApplicationFunctionalities-InAppPurchases
MobileApplicationFunctionalities	IncomingShareRequests	IncomingShareRequests	platform-value-MobileApplicationFunctionalities-IncomingShareRequests
MobileApplicationFunctionalities	InstallPackages	InstallPackages	platform-value-MobileApplicationFunctionalities-InstallPackages
MobileApplicationFunctionalities	LocalNotifications	LocalNotifications	platform-value-MobileApplicationFunctionalities-LocalNotifications
MobileApplicationFunctionalities	Location	Location	platform-value-MobileApplicationFunctionalities-Location
MobileApplicationFunctionalities	Microphone	Microphone	platform-value-MobileApplicationFunctionalities-Microphone
MobileApplicationFunctionalities	MusicLibrary	MusicLibrary	platform-value-MobileApplicationFunctionalities-MusicLibrary
MobileApplicationFunctionalities	NFC	NFC	platform-value-MobileApplicationFunctionalities-NFC
MobileApplicationFunctionalities	NumberDialing	NumberDialing	platform-value-MobileApplicationFunctionalities-NumberDialing
MobileApplicationFunctionalities	OSBackup	OSBackup	platform-value-MobileApplicationFunctionalities-OSBackup
MobileApplicationFunctionalities	PersonalComputerFileExchange	PersonalComputerFileExchange	platform-value-MobileApplicationFunctionalities-PersonalComputerFileExchange
MobileApplicationFunctionalities	PictureAndVideoLibraries	PictureAndVideoLibraries	platform-value-MobileApplicationFunctionalities-PictureAndVideoLibraries
MobileApplicationFunctionalities	PushNotifications	PushNotifications	platform-value-MobileApplicationFunctionalities-PushNotifications
MobileApplicationFunctionalities	ReceiveSMS	ReceiveSMS	platform-value-MobileApplicationFunctionalities-ReceiveSMS
MobileApplicationFunctionalities	SMSLog	SMSLog	platform-value-MobileApplicationFunctionalities-SMSLog
MobileApplicationFunctionalities	SpeechToText	SpeechToText	platform-value-MobileApplicationFunctionalities-SpeechToText
MobileApplicationFunctionalities	TextToSpeech	TextToSpeech	platform-value-MobileApplicationFunctionalities-TextToSpeech
MobileApplicationFunctionalities	Videoconferences	Videoconferences	platform-value-MobileApplicationFunctionalities-Videoconferences
MobileApplicationFunctionalities	WiFiPrinters	WiFiPrinters	platform-value-MobileApplicationFunctionalities-WiFiPrinters
ModalityUseMode	DontUse	DontUse	platform-value-ModalityUseMode-DontUse
ModalityUseMode	Use	Use	platform-value-ModalityUseMode-Use
ModalityUseMode	UseWithWarnings	UseWithWarnings	platform-value-ModalityUseMode-UseWithWarnings
MoveBoundaryOnPosting	DontMove	DontMove	platform-value-MoveBoundaryOnPosting-DontMove
MoveBoundaryOnPosting	Move	Move	platform-value-MoveBoundaryOnPosting-Move
ObjectAutonumerationMode	AutoFree	AutoFree	platform-value-ObjectAutonumerationMode-AutoFree
ObjectAutonumerationMode	NotAutoFree	NotAutoFree	platform-value-ObjectAutonumerationMode-NotAutoFree
ObjectBelonging	Adopted	Adopted	platform-value-ObjectBelonging-Adopted
ObjectBelonging	Native	Native	platform-value-ObjectBelonging-Native
OnMainServerUnavalableBehavior	Auto	Auto	platform-value-OnMainServerUnavalableBehavior-Auto
OnMainServerUnavalableBehavior	DontChangeBehavior	DontChangeBehavior	platform-value-OnMainServerUnavalableBehavior-DontChangeBehavior
OnMainServerUnavalableBehavior	MakeDisable	MakeDisable	platform-value-OnMainServerUnavalableBehavior-MakeDisable
PictureBackgroundShowMode	Auto	Auto	platform-value-PictureBackgroundShowMode-Auto
PictureBackgroundShowMode	DontShow	DontShow	platform-value-PictureBackgroundShowMode-DontShow
PictureBackgroundShowMode	ShowAndDontIncreaseSize	ShowAndDontIncreaseSize	platform-value-PictureBackgroundShowMode-ShowAndDontIncreaseSize
PictureBackgroundShowMode	ShowAndIncreaseSize	ShowAndIncreaseSize	platform-value-PictureBackgroundShowMode-ShowAndIncreaseSize
PictureSize	AutoSize	AutoSize	platform-value-PictureSize-AutoSize
PictureSize	AutoSizeIgnoreScale	AutoSizeIgnoreScale	platform-value-PictureSize-AutoSizeIgnoreScale
PictureSize	ByFontSize	ByFontSize	platform-value-PictureSize-ByFontSize
PictureSize	Proportionally	Proportionally	platform-value-PictureSize-Proportionally
PictureSize	RealSize	RealSize	platform-value-PictureSize-RealSize
PictureSize	RealSizeIgnoreScale	RealSizeIgnoreScale	platform-value-PictureSize-RealSizeIgnoreScale
PictureSize	Stretch	Stretch	platform-value-PictureSize-Stretch
PictureSize	Tile	Tile	platform-value-PictureSize-Tile
Posting	Allow	Allow	platform-value-Posting-Allow
Posting	Deny	Deny	platform-value-Posting-Deny
PostingModeUse	Ask	Ask	platform-value-PostingModeUse-Ask
PostingModeUse	Auto	Auto	platform-value-PostingModeUse-Auto
PostingModeUse	RealTime	RealTime	platform-value-PostingModeUse-RealTime
PostingModeUse	Regular	Regular	platform-value-PostingModeUse-Regular
PredefinedDataUpdate	Auto	Auto	platform-value-PredefinedDataUpdate-Auto
PredefinedDataUpdate	AutoUpdate	AutoUpdate	platform-value-PredefinedDataUpdate-AutoUpdate
PredefinedDataUpdate	DontAutoUpdate	DontAutoUpdate	platform-value-PredefinedDataUpdate-DontAutoUpdate
PrimitiveType	Array	Array	platform-value-PrimitiveType-Array
PrimitiveType	Chart	Chart	platform-value-PrimitiveType-Chart
PrimitiveType	ConstantsSet	ConstantsSet	platform-value-PrimitiveType-ConstantsSet
PrimitiveType	FixedArray	FixedArray	platform-value-PrimitiveType-FixedArray
PrimitiveType	FixedMap	FixedMap	platform-value-PrimitiveType-FixedMap
PrimitiveType	FixedStructure	FixedStructure	platform-value-PrimitiveType-FixedStructure
PrimitiveType	Map	Map	platform-value-PrimitiveType-Map
PrimitiveType	Null	Null	platform-value-PrimitiveType-Null
PrimitiveType	ReportBuilder	ReportBuilder	platform-value-PrimitiveType-ReportBuilder
PrimitiveType	SettingsComposer	SettingsComposer	platform-value-PrimitiveType-SettingsComposer
PrimitiveType	StandardPeriod	StandardPeriod	platform-value-PrimitiveType-StandardPeriod
PrimitiveType	Structure	Structure	platform-value-PrimitiveType-Structure
PrimitiveType	UUID	UUID	platform-value-PrimitiveType-UUID
PrimitiveType	Undefined	Undefined	platform-value-PrimitiveType-Undefined
PrimitiveType	ValueListType	ValueListType	platform-value-PrimitiveType-ValueListType
PrimitiveType	ValueStorage	ValueStorage	platform-value-PrimitiveType-ValueStorage
PrimitiveType	ValueTable	ValueTable	platform-value-PrimitiveType-ValueTable
PrimitiveType	ValueTree	ValueTree	platform-value-PrimitiveType-ValueTree
PrimitiveType	base64Binary	base64Binary	platform-value-PrimitiveType-base64Binary
PrimitiveType	boolean	boolean	platform-value-PrimitiveType-boolean
PrimitiveType	date	date	platform-value-PrimitiveType-date
PrimitiveType	dateTime	dateTime	platform-value-PrimitiveType-dateTime
PrimitiveType	decimal	decimal	platform-value-PrimitiveType-decimal
PrimitiveType	int	int	platform-value-PrimitiveType-int
PrimitiveType	integer	integer	platform-value-PrimitiveType-integer
PrimitiveType	string	string	platform-value-PrimitiveType-string
RealTimePosting	Allow	Allow	platform-value-RealTimePosting-Allow
RealTimePosting	Deny	Deny	platform-value-RealTimePosting-Deny
RegisterRecordsDeletion	AutoDelete	AutoDelete	platform-value-RegisterRecordsDeletion-AutoDelete
RegisterRecordsDeletion	AutoDeleteOff	AutoDeleteOff	platform-value-RegisterRecordsDeletion-AutoDeleteOff
RegisterRecordsDeletion	AutoDeleteOnUnpost	AutoDeleteOnUnpost	platform-value-RegisterRecordsDeletion-AutoDeleteOnUnpost
RegisterRecordsWritingOnPost	WriteModified	WriteModified	platform-value-RegisterRecordsWritingOnPost-WriteModified
RegisterRecordsWritingOnPost	WriteSelected	WriteSelected	platform-value-RegisterRecordsWritingOnPost-WriteSelected
RegisterWriteMode	Independent	Independent	platform-value-RegisterWriteMode-Independent
RegisterWriteMode	RecorderSubordinate	RecorderSubordinate	platform-value-RegisterWriteMode-RecorderSubordinate
ReportResultViewMode	Auto	Auto	platform-value-ReportResultViewMode-Auto
ReportResultViewMode	Compact	Compact	platform-value-ReportResultViewMode-Compact
ReportResultViewMode	Default	Default	platform-value-ReportResultViewMode-Default
RequiredDataRelevance	Any	Any	platform-value-RequiredDataRelevance-Any
RequiredDataRelevance	Auto	Auto	platform-value-RequiredDataRelevance-Auto
RequiredDataRelevance	Relevant	Relevant	platform-value-RequiredDataRelevance-Relevant
RequiredMobileApplicationPermissionMessages	AudioPlaybackAndVibration	AudioPlaybackAndVibration	platform-value-RequiredMobileApplicationPermissionMessages-AudioPlaybackAndVibration
RequiredMobileApplicationPermissionMessages	AutoSendSMS	AutoSendSMS	platform-value-RequiredMobileApplicationPermissionMessages-AutoSendSMS
RequiredMobileApplicationPermissionMessages	BackgroundLocation	BackgroundLocation	platform-value-RequiredMobileApplicationPermissionMessages-BackgroundLocation
RequiredMobileApplicationPermissionMessages	Biometrics	Biometrics	platform-value-RequiredMobileApplicationPermissionMessages-Biometrics
RequiredMobileApplicationPermissionMessages	BluetoothPrinters	BluetoothPrinters	platform-value-RequiredMobileApplicationPermissionMessages-BluetoothPrinters
RequiredMobileApplicationPermissionMessages	Calendars	Calendars	platform-value-RequiredMobileApplicationPermissionMessages-Calendars
RequiredMobileApplicationPermissionMessages	CallLog	CallLog	platform-value-RequiredMobileApplicationPermissionMessages-CallLog
RequiredMobileApplicationPermissionMessages	CallProcessing	CallProcessing	platform-value-RequiredMobileApplicationPermissionMessages-CallProcessing
RequiredMobileApplicationPermissionMessages	Camera	Camera	platform-value-RequiredMobileApplicationPermissionMessages-Camera
RequiredMobileApplicationPermissionMessages	Contacts	Contacts	platform-value-RequiredMobileApplicationPermissionMessages-Contacts
RequiredMobileApplicationPermissionMessages	Location	Location	platform-value-RequiredMobileApplicationPermissionMessages-Location
RequiredMobileApplicationPermissionMessages	Microphone	Microphone	platform-value-RequiredMobileApplicationPermissionMessages-Microphone
RequiredMobileApplicationPermissionMessages	MusicLibrary	MusicLibrary	platform-value-RequiredMobileApplicationPermissionMessages-MusicLibrary
RequiredMobileApplicationPermissionMessages	NumberDialing	NumberDialing	platform-value-RequiredMobileApplicationPermissionMessages-NumberDialing
RequiredMobileApplicationPermissionMessages	PermissionGroupCallLog	PermissionGroupCallLog	platform-value-RequiredMobileApplicationPermissionMessages-PermissionGroupCallLog
RequiredMobileApplicationPermissionMessages	PermissionGroupPhone	PermissionGroupPhone	platform-value-RequiredMobileApplicationPermissionMessages-PermissionGroupPhone
RequiredMobileApplicationPermissionMessages	PermissionGroupSMS	PermissionGroupSMS	platform-value-RequiredMobileApplicationPermissionMessages-PermissionGroupSMS
RequiredMobileApplicationPermissionMessages	PictureAndVideoLibraries	PictureAndVideoLibraries	platform-value-RequiredMobileApplicationPermissionMessages-PictureAndVideoLibraries
RequiredMobileApplicationPermissionMessages	PostNotifications	PostNotifications	platform-value-RequiredMobileApplicationPermissionMessages-PostNotifications
RequiredMobileApplicationPermissionMessages	ReceiveSMS	ReceiveSMS	platform-value-RequiredMobileApplicationPermissionMessages-ReceiveSMS
RequiredMobileApplicationPermissionMessages	SMSLog	SMSLog	platform-value-RequiredMobileApplicationPermissionMessages-SMSLog
RequiredMobileApplicationPermissions	Ads	Ads	platform-value-RequiredMobileApplicationPermissions-Ads
RequiredMobileApplicationPermissions	AllowOSBackup	AllowOSBackup	platform-value-RequiredMobileApplicationPermissions-AllowOSBackup
RequiredMobileApplicationPermissions	AudioAndVibrationPlayback	AudioAndVibrationPlayback	platform-value-RequiredMobileApplicationPermissions-AudioAndVibrationPlayback
RequiredMobileApplicationPermissions	BackgroundAudioPlayback	BackgroundAudioPlayback	platform-value-RequiredMobileApplicationPermissions-BackgroundAudioPlayback
RequiredMobileApplicationPermissions	BackgroundLocation	BackgroundLocation	platform-value-RequiredMobileApplicationPermissions-BackgroundLocation
RequiredMobileApplicationPermissions	Calendars	Calendars	platform-value-RequiredMobileApplicationPermissions-Calendars
RequiredMobileApplicationPermissions	CallLog	CallLog	platform-value-RequiredMobileApplicationPermissions-CallLog
RequiredMobileApplicationPermissions	CallPhone	CallPhone	platform-value-RequiredMobileApplicationPermissions-CallPhone
RequiredMobileApplicationPermissions	Camera	Camera	platform-value-RequiredMobileApplicationPermissions-Camera
RequiredMobileApplicationPermissions	Contacts	Contacts	platform-value-RequiredMobileApplicationPermissions-Contacts
RequiredMobileApplicationPermissions	FileExchangeWithPersonalComputer	FileExchangeWithPersonalComputer	platform-value-RequiredMobileApplicationPermissions-FileExchangeWithPersonalComputer
RequiredMobileApplicationPermissions	HandlePhoneCalls	HandlePhoneCalls	platform-value-RequiredMobileApplicationPermissions-HandlePhoneCalls
RequiredMobileApplicationPermissions	InAppPurchases	InAppPurchases	platform-value-RequiredMobileApplicationPermissions-InAppPurchases
RequiredMobileApplicationPermissions	InstallPackages	InstallPackages	platform-value-RequiredMobileApplicationPermissions-InstallPackages
RequiredMobileApplicationPermissions	LocalNotification	LocalNotification	platform-value-RequiredMobileApplicationPermissions-LocalNotification
RequiredMobileApplicationPermissions	Location	Location	platform-value-RequiredMobileApplicationPermissions-Location
RequiredMobileApplicationPermissions	Microphone	Microphone	platform-value-RequiredMobileApplicationPermissions-Microphone
RequiredMobileApplicationPermissions	Multimedia	Multimedia	platform-value-RequiredMobileApplicationPermissions-Multimedia
RequiredMobileApplicationPermissions	MusicLibrary	MusicLibrary	platform-value-RequiredMobileApplicationPermissions-MusicLibrary
RequiredMobileApplicationPermissions	PermissionGroupCallLog	PermissionGroupCallLog	platform-value-RequiredMobileApplicationPermissions-PermissionGroupCallLog
RequiredMobileApplicationPermissions	PermissionGroupPhone	PermissionGroupPhone	platform-value-RequiredMobileApplicationPermissions-PermissionGroupPhone
RequiredMobileApplicationPermissions	PermissionGroupSMS	PermissionGroupSMS	platform-value-RequiredMobileApplicationPermissions-PermissionGroupSMS
RequiredMobileApplicationPermissions	PicturesAndVideoLibraries	PicturesAndVideoLibraries	platform-value-RequiredMobileApplicationPermissions-PicturesAndVideoLibraries
RequiredMobileApplicationPermissions	Print	Print	platform-value-RequiredMobileApplicationPermissions-Print
RequiredMobileApplicationPermissions	PushNotification	PushNotification	platform-value-RequiredMobileApplicationPermissions-PushNotification
RequiredMobileApplicationPermissions	ReceiveSMS	ReceiveSMS	platform-value-RequiredMobileApplicationPermissions-ReceiveSMS
RequiredMobileApplicationPermissions	SMSLog	SMSLog	platform-value-RequiredMobileApplicationPermissions-SMSLog
RequiredMobileApplicationPermissions	SendSMS	SendSMS	platform-value-RequiredMobileApplicationPermissions-SendSMS
RequiredMobileApplicationPermissions	Telephony	Telephony	platform-value-RequiredMobileApplicationPermissions-Telephony
ReturnValuesReuse	DontUse	DontUse	platform-value-ReturnValuesReuse-DontUse
ReturnValuesReuse	DuringRequest	DuringRequest	platform-value-ReturnValuesReuse-DuringRequest
ReturnValuesReuse	DuringSession	DuringSession	platform-value-ReturnValuesReuse-DuringSession
ScriptVariant	English	English	platform-value-ScriptVariant-English
ScriptVariant	Russian	Russian	platform-value-ScriptVariant-Russian
SearchStringModeOnInputByString	AnyPart	AnyPart	platform-value-SearchStringModeOnInputByString-AnyPart
SearchStringModeOnInputByString	Begin	Begin	platform-value-SearchStringModeOnInputByString-Begin
SequenceFilling	AutoFill	AutoFill	platform-value-SequenceFilling-AutoFill
SequenceFilling	AutoFillOff	AutoFillOff	platform-value-SequenceFilling-AutoFillOff
ServerRequest	No	No	platform-value-ServerRequest-No
ServerRequest	Possible	Possible	platform-value-ServerRequest-Possible
ServerRequest	Yes	Yes	platform-value-ServerRequest-Yes
SessionReuseMode	AutoUse	AutoUse	platform-value-SessionReuseMode-AutoUse
SessionReuseMode	DontUse	DontUse	platform-value-SessionReuseMode-DontUse
SessionReuseMode	Use	Use	platform-value-SessionReuseMode-Use
SizeChangeMode	Normal	Normal	platform-value-SizeChangeMode-Normal
SizeChangeMode	QuickChange	QuickChange	platform-value-SizeChangeMode-QuickChange
SourceType	Characteristic	Characteristic	platform-value-SourceType-Characteristic
SourceType	CharacteristicKind	CharacteristicKind	platform-value-SourceType-CharacteristicKind
SourceType	CharacteristicMainFields	CharacteristicMainFields	platform-value-SourceType-CharacteristicMainFields
SourceType	ChoiceParamLinks	ChoiceParamLinks	platform-value-SourceType-ChoiceParamLinks
SourceType	EDBTableKeyFields	EDBTableKeyFields	platform-value-SourceType-EDBTableKeyFields
SourceType	FieldsForLocking	FieldsForLocking	platform-value-SourceType-FieldsForLocking
SourceType	InputByString	InputByString	platform-value-SourceType-InputByString
SourceType	StandardFields	StandardFields	platform-value-SourceType-StandardFields
SpreadsheetDocumentCellHighlightMode	Auto	Auto	platform-value-SpreadsheetDocumentCellHighlightMode-Auto
SpreadsheetDocumentCellHighlightMode	Cell	Cell	platform-value-SpreadsheetDocumentCellHighlightMode-Cell
SpreadsheetDocumentCellHighlightMode	DontHighlight	DontHighlight	platform-value-SpreadsheetDocumentCellHighlightMode-DontHighlight
SpreadsheetDocumentCellHighlightMode	Row	Row	platform-value-SpreadsheetDocumentCellHighlightMode-Row
SpreadsheetDocumentCellLineType	Dotted	Dotted	platform-value-SpreadsheetDocumentCellLineType-Dotted
SpreadsheetDocumentCellLineType	Double	Double	platform-value-SpreadsheetDocumentCellLineType-Double
SpreadsheetDocumentCellLineType	LargeDashed	LargeDashed	platform-value-SpreadsheetDocumentCellLineType-LargeDashed
SpreadsheetDocumentCellLineType	None	None	platform-value-SpreadsheetDocumentCellLineType-None
SpreadsheetDocumentCellLineType	Solid	Solid	platform-value-SpreadsheetDocumentCellLineType-Solid
SpreadsheetDocumentCellLineType	ThickDashed	ThickDashed	platform-value-SpreadsheetDocumentCellLineType-ThickDashed
SpreadsheetDocumentCellLineType	ThinDashed	ThinDashed	platform-value-SpreadsheetDocumentCellLineType-ThinDashed
SpreadsheetDocumentDrawingLineType	DashDotted	DashDotted	platform-value-SpreadsheetDocumentDrawingLineType-DashDotted
SpreadsheetDocumentDrawingLineType	DashDottedDotted	DashDottedDotted	platform-value-SpreadsheetDocumentDrawingLineType-DashDottedDotted
SpreadsheetDocumentDrawingLineType	Dashed	Dashed	platform-value-SpreadsheetDocumentDrawingLineType-Dashed
SpreadsheetDocumentDrawingLineType	Dotted	Dotted	platform-value-SpreadsheetDocumentDrawingLineType-Dotted
SpreadsheetDocumentDrawingLineType	None	None	platform-value-SpreadsheetDocumentDrawingLineType-None
SpreadsheetDocumentDrawingLineType	Solid	Solid	platform-value-SpreadsheetDocumentDrawingLineType-Solid
SpreadsheetDocumentSavedPicturesDensity	High	High	platform-value-SpreadsheetDocumentSavedPicturesDensity-High
SpreadsheetDocumentSavedPicturesDensity	Low	Low	platform-value-SpreadsheetDocumentSavedPicturesDensity-Low
SpreadsheetDocumentSavedPicturesDensity	Medium	Medium	platform-value-SpreadsheetDocumentSavedPicturesDensity-Medium
SpreadsheetDocumentSavedPicturesDensity	Original	Original	platform-value-SpreadsheetDocumentSavedPicturesDensity-Original
StandardAttribute	Account	Account	platform-value-StandardAttribute-Account
StandardAttribute	AccountCr	AccountCr	platform-value-StandardAttribute-AccountCr
StandardAttribute	AccountDr	AccountDr	platform-value-StandardAttribute-AccountDr
StandardAttribute	ActionPeriod	ActionPeriod	platform-value-StandardAttribute-ActionPeriod
StandardAttribute	ActionPeriodBegin	ActionPeriodBegin	platform-value-StandardAttribute-ActionPeriodBegin
StandardAttribute	ActionPeriodEnd	ActionPeriodEnd	platform-value-StandardAttribute-ActionPeriodEnd
StandardAttribute	ActionPeriodIsBasic	ActionPeriodIsBasic	platform-value-StandardAttribute-ActionPeriodIsBasic
StandardAttribute	Active	Active	platform-value-StandardAttribute-Active
StandardAttribute	BasePeriod	BasePeriod	platform-value-StandardAttribute-BasePeriod
StandardAttribute	BasePeriodBegin	BasePeriodBegin	platform-value-StandardAttribute-BasePeriodBegin
StandardAttribute	BasePeriodEnd	BasePeriodEnd	platform-value-StandardAttribute-BasePeriodEnd
StandardAttribute	BusinessProcess	BusinessProcess	platform-value-StandardAttribute-BusinessProcess
StandardAttribute	CalculationType	CalculationType	platform-value-StandardAttribute-CalculationType
StandardAttribute	Code	Code	platform-value-StandardAttribute-Code
StandardAttribute	Completed	Completed	platform-value-StandardAttribute-Completed
StandardAttribute	Currency	Currency	platform-value-StandardAttribute-Currency
StandardAttribute	CurrencyCr	CurrencyCr	platform-value-StandardAttribute-CurrencyCr
StandardAttribute	CurrencyDr	CurrencyDr	platform-value-StandardAttribute-CurrencyDr
StandardAttribute	Date	Date	platform-value-StandardAttribute-Date
StandardAttribute	DeletionMark	DeletionMark	platform-value-StandardAttribute-DeletionMark
StandardAttribute	Description	Description	platform-value-StandardAttribute-Description
StandardAttribute	Executed	Executed	platform-value-StandardAttribute-Executed
StandardAttribute	HeadTask	HeadTask	platform-value-StandardAttribute-HeadTask
StandardAttribute	IsFolder	IsFolder	platform-value-StandardAttribute-IsFolder
StandardAttribute	LineNumber	LineNumber	platform-value-StandardAttribute-LineNumber
StandardAttribute	Number	Number	platform-value-StandardAttribute-Number
StandardAttribute	OffBalance	OffBalance	platform-value-StandardAttribute-OffBalance
StandardAttribute	Order	Order	platform-value-StandardAttribute-Order
StandardAttribute	Owner	Owner	platform-value-StandardAttribute-Owner
StandardAttribute	Parent	Parent	platform-value-StandardAttribute-Parent
StandardAttribute	Period	Period	platform-value-StandardAttribute-Period
StandardAttribute	PeriodAdjustment	PeriodAdjustment	platform-value-StandardAttribute-PeriodAdjustment
StandardAttribute	Posted	Posted	platform-value-StandardAttribute-Posted
StandardAttribute	Predefined	Predefined	platform-value-StandardAttribute-Predefined
StandardAttribute	PredefinedDataName	PredefinedDataName	platform-value-StandardAttribute-PredefinedDataName
StandardAttribute	ReceivedNo	ReceivedNo	platform-value-StandardAttribute-ReceivedNo
StandardAttribute	RecordType	RecordType	platform-value-StandardAttribute-RecordType
StandardAttribute	Recorder	Recorder	platform-value-StandardAttribute-Recorder
StandardAttribute	Ref	Ref	platform-value-StandardAttribute-Ref
StandardAttribute	RegistrationPeriod	RegistrationPeriod	platform-value-StandardAttribute-RegistrationPeriod
StandardAttribute	SentNo	SentNo	platform-value-StandardAttribute-SentNo
StandardAttribute	Started	Started	platform-value-StandardAttribute-Started
StandardAttribute	ThisNode	ThisNode	platform-value-StandardAttribute-ThisNode
StandardAttribute	Type	Type	platform-value-StandardAttribute-Type
StandardAttribute	ValueType	ValueType	platform-value-StandardAttribute-ValueType
StandardBeginningDateVariant	BeginningOfLastDay	BeginningOfLastDay	platform-value-StandardBeginningDateVariant-BeginningOfLastDay
StandardBeginningDateVariant	BeginningOfLastHalfYear	BeginningOfLastHalfYear	platform-value-StandardBeginningDateVariant-BeginningOfLastHalfYear
StandardBeginningDateVariant	BeginningOfLastMonth	BeginningOfLastMonth	platform-value-StandardBeginningDateVariant-BeginningOfLastMonth
StandardBeginningDateVariant	BeginningOfLastQuarter	BeginningOfLastQuarter	platform-value-StandardBeginningDateVariant-BeginningOfLastQuarter
StandardBeginningDateVariant	BeginningOfLastTenDays	BeginningOfLastTenDays	platform-value-StandardBeginningDateVariant-BeginningOfLastTenDays
StandardBeginningDateVariant	BeginningOfLastWeek	BeginningOfLastWeek	platform-value-StandardBeginningDateVariant-BeginningOfLastWeek
StandardBeginningDateVariant	BeginningOfLastYear	BeginningOfLastYear	platform-value-StandardBeginningDateVariant-BeginningOfLastYear
StandardBeginningDateVariant	BeginningOfNextDay	BeginningOfNextDay	platform-value-StandardBeginningDateVariant-BeginningOfNextDay
StandardBeginningDateVariant	BeginningOfNextHalfYear	BeginningOfNextHalfYear	platform-value-StandardBeginningDateVariant-BeginningOfNextHalfYear
StandardBeginningDateVariant	BeginningOfNextMonth	BeginningOfNextMonth	platform-value-StandardBeginningDateVariant-BeginningOfNextMonth
StandardBeginningDateVariant	BeginningOfNextQuarter	BeginningOfNextQuarter	platform-value-StandardBeginningDateVariant-BeginningOfNextQuarter
StandardBeginningDateVariant	BeginningOfNextTenDays	BeginningOfNextTenDays	platform-value-StandardBeginningDateVariant-BeginningOfNextTenDays
StandardBeginningDateVariant	BeginningOfNextWeek	BeginningOfNextWeek	platform-value-StandardBeginningDateVariant-BeginningOfNextWeek
StandardBeginningDateVariant	BeginningOfNextYear	BeginningOfNextYear	platform-value-StandardBeginningDateVariant-BeginningOfNextYear
StandardBeginningDateVariant	BeginningOfThisDay	BeginningOfThisDay	platform-value-StandardBeginningDateVariant-BeginningOfThisDay
StandardBeginningDateVariant	BeginningOfThisHalfYear	BeginningOfThisHalfYear	platform-value-StandardBeginningDateVariant-BeginningOfThisHalfYear
StandardBeginningDateVariant	BeginningOfThisMonth	BeginningOfThisMonth	platform-value-StandardBeginningDateVariant-BeginningOfThisMonth
StandardBeginningDateVariant	BeginningOfThisQuarter	BeginningOfThisQuarter	platform-value-StandardBeginningDateVariant-BeginningOfThisQuarter
StandardBeginningDateVariant	BeginningOfThisTenDays	BeginningOfThisTenDays	platform-value-StandardBeginningDateVariant-BeginningOfThisTenDays
StandardBeginningDateVariant	BeginningOfThisWeek	BeginningOfThisWeek	platform-value-StandardBeginningDateVariant-BeginningOfThisWeek
StandardBeginningDateVariant	BeginningOfThisYear	BeginningOfThisYear	platform-value-StandardBeginningDateVariant-BeginningOfThisYear
StandardBeginningDateVariant	Custom	Custom	platform-value-StandardBeginningDateVariant-Custom
StandardCommandsGroup	ActionsPanelCreate	ActionsPanelCreate	platform-value-StandardCommandsGroup-ActionsPanelCreate
StandardCommandsGroup	ActionsPanelReports	ActionsPanelReports	platform-value-StandardCommandsGroup-ActionsPanelReports
StandardCommandsGroup	ActionsPanelTools	ActionsPanelTools	platform-value-StandardCommandsGroup-ActionsPanelTools
StandardCommandsGroup	FormCommandBarCreateBasedOn	FormCommandBarCreateBasedOn	platform-value-StandardCommandsGroup-FormCommandBarCreateBasedOn
StandardCommandsGroup	FormCommandBarImportant	FormCommandBarImportant	platform-value-StandardCommandsGroup-FormCommandBarImportant
StandardCommandsGroup	FormNavigationPanelGoTo	FormNavigationPanelGoTo	platform-value-StandardCommandsGroup-FormNavigationPanelGoTo
StandardCommandsGroup	FormNavigationPanelImportant	FormNavigationPanelImportant	platform-value-StandardCommandsGroup-FormNavigationPanelImportant
StandardCommandsGroup	FormNavigationPanelSeeAlso	FormNavigationPanelSeeAlso	platform-value-StandardCommandsGroup-FormNavigationPanelSeeAlso
StandardCommandsGroup	NavigationPanelImportant	NavigationPanelImportant	platform-value-StandardCommandsGroup-NavigationPanelImportant
StandardCommandsGroup	NavigationPanelOrdinary	NavigationPanelOrdinary	platform-value-StandardCommandsGroup-NavigationPanelOrdinary
StandardCommandsGroup	NavigationPanelSeeAlso	NavigationPanelSeeAlso	platform-value-StandardCommandsGroup-NavigationPanelSeeAlso
StandardPeriodVariant	Custom	Custom	platform-value-StandardPeriodVariant-Custom
StandardPeriodVariant	FromBeginningOfThisHalfYear	FromBeginningOfThisHalfYear	platform-value-StandardPeriodVariant-FromBeginningOfThisHalfYear
StandardPeriodVariant	FromBeginningOfThisMonth	FromBeginningOfThisMonth	platform-value-StandardPeriodVariant-FromBeginningOfThisMonth
StandardPeriodVariant	FromBeginningOfThisQuarter	FromBeginningOfThisQuarter	platform-value-StandardPeriodVariant-FromBeginningOfThisQuarter
StandardPeriodVariant	FromBeginningOfThisTenDays	FromBeginningOfThisTenDays	platform-value-StandardPeriodVariant-FromBeginningOfThisTenDays
StandardPeriodVariant	FromBeginningOfThisWeek	FromBeginningOfThisWeek	platform-value-StandardPeriodVariant-FromBeginningOfThisWeek
StandardPeriodVariant	FromBeginningOfThisYear	FromBeginningOfThisYear	platform-value-StandardPeriodVariant-FromBeginningOfThisYear
StandardPeriodVariant	Last7Days	Last7Days	platform-value-StandardPeriodVariant-Last7Days
StandardPeriodVariant	LastHalfYear	LastHalfYear	platform-value-StandardPeriodVariant-LastHalfYear
StandardPeriodVariant	LastHalfYearTillSameDate	LastHalfYearTillSameDate	platform-value-StandardPeriodVariant-LastHalfYearTillSameDate
StandardPeriodVariant	LastMonth	LastMonth	platform-value-StandardPeriodVariant-LastMonth
StandardPeriodVariant	LastMonthTillSameDate	LastMonthTillSameDate	platform-value-StandardPeriodVariant-LastMonthTillSameDate
StandardPeriodVariant	LastQuarter	LastQuarter	platform-value-StandardPeriodVariant-LastQuarter
StandardPeriodVariant	LastQuarterTillSameDate	LastQuarterTillSameDate	platform-value-StandardPeriodVariant-LastQuarterTillSameDate
StandardPeriodVariant	LastTenDays	LastTenDays	platform-value-StandardPeriodVariant-LastTenDays
StandardPeriodVariant	LastTenDaysTillSameDayNumber	LastTenDaysTillSameDayNumber	platform-value-StandardPeriodVariant-LastTenDaysTillSameDayNumber
StandardPeriodVariant	LastWeek	LastWeek	platform-value-StandardPeriodVariant-LastWeek
StandardPeriodVariant	LastWeekTillSameWeekDay	LastWeekTillSameWeekDay	platform-value-StandardPeriodVariant-LastWeekTillSameWeekDay
StandardPeriodVariant	LastYear	LastYear	platform-value-StandardPeriodVariant-LastYear
StandardPeriodVariant	LastYearTillSameDate	LastYearTillSameDate	platform-value-StandardPeriodVariant-LastYearTillSameDate
StandardPeriodVariant	Month	Month	platform-value-StandardPeriodVariant-Month
StandardPeriodVariant	Next7Days	Next7Days	platform-value-StandardPeriodVariant-Next7Days
StandardPeriodVariant	NextHalfYear	NextHalfYear	platform-value-StandardPeriodVariant-NextHalfYear
StandardPeriodVariant	NextHalfYearTillSameDate	NextHalfYearTillSameDate	platform-value-StandardPeriodVariant-NextHalfYearTillSameDate
StandardPeriodVariant	NextMonth	NextMonth	platform-value-StandardPeriodVariant-NextMonth
StandardPeriodVariant	NextMonthTillSameDate	NextMonthTillSameDate	platform-value-StandardPeriodVariant-NextMonthTillSameDate
StandardPeriodVariant	NextQuarter	NextQuarter	platform-value-StandardPeriodVariant-NextQuarter
StandardPeriodVariant	NextQuarterTillSameDate	NextQuarterTillSameDate	platform-value-StandardPeriodVariant-NextQuarterTillSameDate
StandardPeriodVariant	NextTenDays	NextTenDays	platform-value-StandardPeriodVariant-NextTenDays
StandardPeriodVariant	NextTenDaysTillSameDayNumber	NextTenDaysTillSameDayNumber	platform-value-StandardPeriodVariant-NextTenDaysTillSameDayNumber
StandardPeriodVariant	NextWeek	NextWeek	platform-value-StandardPeriodVariant-NextWeek
StandardPeriodVariant	NextWeekTillSameWeekDay	NextWeekTillSameWeekDay	platform-value-StandardPeriodVariant-NextWeekTillSameWeekDay
StandardPeriodVariant	NextYear	NextYear	platform-value-StandardPeriodVariant-NextYear
StandardPeriodVariant	NextYearTillSameDate	NextYearTillSameDate	platform-value-StandardPeriodVariant-NextYearTillSameDate
StandardPeriodVariant	ThisHalfYear	ThisHalfYear	platform-value-StandardPeriodVariant-ThisHalfYear
StandardPeriodVariant	ThisMonth	ThisMonth	platform-value-StandardPeriodVariant-ThisMonth
StandardPeriodVariant	ThisQuarter	ThisQuarter	platform-value-StandardPeriodVariant-ThisQuarter
StandardPeriodVariant	ThisTenDays	ThisTenDays	platform-value-StandardPeriodVariant-ThisTenDays
StandardPeriodVariant	ThisWeek	ThisWeek	platform-value-StandardPeriodVariant-ThisWeek
StandardPeriodVariant	ThisYear	ThisYear	platform-value-StandardPeriodVariant-ThisYear
StandardPeriodVariant	TillEndOfThisHalfYear	TillEndOfThisHalfYear	platform-value-StandardPeriodVariant-TillEndOfThisHalfYear
StandardPeriodVariant	TillEndOfThisMonth	TillEndOfThisMonth	platform-value-StandardPeriodVariant-TillEndOfThisMonth
StandardPeriodVariant	TillEndOfThisQuarter	TillEndOfThisQuarter	platform-value-StandardPeriodVariant-TillEndOfThisQuarter
StandardPeriodVariant	TillEndOfThisTenDays	TillEndOfThisTenDays	platform-value-StandardPeriodVariant-TillEndOfThisTenDays
StandardPeriodVariant	TillEndOfThisWeek	TillEndOfThisWeek	platform-value-StandardPeriodVariant-TillEndOfThisWeek
StandardPeriodVariant	TillEndOfThisYear	TillEndOfThisYear	platform-value-StandardPeriodVariant-TillEndOfThisYear
StandardPeriodVariant	Today	Today	platform-value-StandardPeriodVariant-Today
StandardPeriodVariant	Tomorrow	Tomorrow	platform-value-StandardPeriodVariant-Tomorrow
StandardPeriodVariant	Yesterday	Yesterday	platform-value-StandardPeriodVariant-Yesterday
StyleElementType	Border	Border	platform-value-StyleElementType-Border
StyleElementType	Color	Color	platform-value-StyleElementType-Color
StyleElementType	Font	Font	platform-value-StyleElementType-Font
SubordinationUse	ToFolders	ToFolders	platform-value-SubordinationUse-ToFolders
SubordinationUse	ToFoldersAndItems	ToFoldersAndItems	platform-value-SubordinationUse-ToFoldersAndItems
SubordinationUse	ToItems	ToItems	platform-value-SubordinationUse-ToItems
SynchronousPlatformExtensionAndAddInCallUseMode	DontUse	DontUse	platform-value-SynchronousPlatformExtensionAndAddInCallUseMode-DontUse
SynchronousPlatformExtensionAndAddInCallUseMode	Use	Use	platform-value-SynchronousPlatformExtensionAndAddInCallUseMode-Use
SynchronousPlatformExtensionAndAddInCallUseMode	UseWithWarnings	UseWithWarnings	platform-value-SynchronousPlatformExtensionAndAddInCallUseMode-UseWithWarnings
TaskMainPresentation	AsDescription	AsDescription	platform-value-TaskMainPresentation-AsDescription
TaskMainPresentation	AsNumber	AsNumber	platform-value-TaskMainPresentation-AsNumber
TaskNumberAutoPrefix	BusinessProcessNumber	BusinessProcessNumber	platform-value-TaskNumberAutoPrefix-BusinessProcessNumber
TaskNumberAutoPrefix	DontUse	DontUse	platform-value-TaskNumberAutoPrefix-DontUse
TaskNumberType	Number	Number	platform-value-TaskNumberType-Number
TaskNumberType	String	String	platform-value-TaskNumberType-String
TemplateType	ActiveDocument	ActiveDocument	platform-value-TemplateType-ActiveDocument
TemplateType	AddIn	AddIn	platform-value-TemplateType-AddIn
TemplateType	BinaryData	BinaryData	platform-value-TemplateType-BinaryData
TemplateType	DataCompositionAppearanceTemplate	DataCompositionAppearanceTemplate	platform-value-TemplateType-DataCompositionAppearanceTemplate
TemplateType	DataCompositionSchema	DataCompositionSchema	platform-value-TemplateType-DataCompositionSchema
TemplateType	GeographicalSchema	GeographicalSchema	platform-value-TemplateType-GeographicalSchema
TemplateType	GraphicalSchema	GraphicalSchema	platform-value-TemplateType-GraphicalSchema
TemplateType	HTMLDocument	HTMLDocument	platform-value-TemplateType-HTMLDocument
TemplateType	SpreadsheetDocument	SpreadsheetDocument	platform-value-TemplateType-SpreadsheetDocument
TemplateType	TextDocument	TextDocument	platform-value-TemplateType-TextDocument
TransactionsIsolationLevel	Automatic	Automatic	platform-value-TransactionsIsolationLevel-Automatic
TransactionsIsolationLevel	ReadCommitted	ReadCommitted	platform-value-TransactionsIsolationLevel-ReadCommitted
TransactionsIsolationLevel	ReadUncommitted	ReadUncommitted	platform-value-TransactionsIsolationLevel-ReadUncommitted
TransactionsIsolationLevel	RepeatableRead	RepeatableRead	platform-value-TransactionsIsolationLevel-RepeatableRead
TransactionsIsolationLevel	Serializable	Serializable	platform-value-TransactionsIsolationLevel-Serializable
TransferDirection	In	In	platform-value-TransferDirection-In
TransferDirection	InOut	InOut	platform-value-TransferDirection-InOut
TransferDirection	Out	Out	platform-value-TransferDirection-Out
TypeReductionMode	DeleteData	DeleteData	platform-value-TypeReductionMode-DeleteData
TypeReductionMode	Deny	Deny	platform-value-TypeReductionMode-Deny
TypeReductionMode	TransformValues	TransformValues	platform-value-TypeReductionMode-TransformValues
UseQuickChoice	Auto	Auto	platform-value-UseQuickChoice-Auto
UseQuickChoice	DontUse	DontUse	platform-value-UseQuickChoice-DontUse
UseQuickChoice	Use	Use	platform-value-UseQuickChoice-Use
Version85InterfaceMigrationMode	DontUse	DontUse	platform-value-Version85InterfaceMigrationMode-DontUse
Version85InterfaceMigrationMode	Use	Use	platform-value-Version85InterfaceMigrationMode-Use
VerticalAlign	Bottom	Bottom	platform-value-VerticalAlign-Bottom
VerticalAlign	Center	Center	platform-value-VerticalAlign-Center
VerticalAlign	Top	Top	platform-value-VerticalAlign-Top
