key	namespace	name	owner	since
platform-property-app-functionality	http://v8.1c.ru/8.2/managed-application/core	functionality		8.3.27
platform-property-app-item	http://v8.1c.ru/8.2/managed-application/core	item		8.3.27
platform-property-app-use	http://v8.1c.ru/8.2/managed-application/core	use		8.3.27
platform-property-app-value	http://v8.1c.ru/8.2/managed-application/core	value		8.3.27
platform-property-core-AllowedLength	http://v8.1c.ru/8.1/data/core	AllowedLength		8.3.27
platform-property-core-AllowedSign	http://v8.1c.ru/8.1/data/core	AllowedSign		8.3.27
platform-property-core-BinaryDataQualifiers	http://v8.1c.ru/8.1/data/core	BinaryDataQualifiers		8.3.27
platform-property-core-DateFractions	http://v8.1c.ru/8.1/data/core	DateFractions		8.3.27
platform-property-core-DateQualifiers	http://v8.1c.ru/8.1/data/core	DateQualifiers		8.3.27
platform-property-core-Digits	http://v8.1c.ru/8.1/data/core	Digits		8.3.27
platform-property-core-FractionDigits	http://v8.1c.ru/8.1/data/core	FractionDigits		8.3.27
platform-property-core-Length	http://v8.1c.ru/8.1/data/core	Length		8.3.27
platform-property-core-NumberQualifiers	http://v8.1c.ru/8.1/data/core	NumberQualifiers		8.3.27
platform-property-core-StringQualifiers	http://v8.1c.ru/8.1/data/core	StringQualifiers		8.3.27
platform-property-core-Type	http://v8.1c.ru/8.1/data/core	Type		8.3.27
platform-property-core-TypeId	http://v8.1c.ru/8.1/data/core	TypeId		8.3.27
platform-property-core-TypeSet	http://v8.1c.ru/8.1/data/core	TypeSet		8.3.27
platform-property-core-Value	http://v8.1c.ru/8.1/data/core	Value		8.3.27
platform-property-core-content	http://v8.1c.ru/8.1/data/core	content		8.3.27
platform-property-core-item	http://v8.1c.ru/8.1/data/core	item		8.3.27
platform-property-core-lang	http://v8.1c.ru/8.1/data/core	lang		8.3.27
platform-property-md-AccountingFlag	http://v8.1c.ru/8.3/MDClasses	AccountingFlag		8.3.27
platform-property-md-ActionPeriod	http://v8.1c.ru/8.3/MDClasses	ActionPeriod		8.3.27
platform-property-md-ActionPeriodUse	http://v8.1c.ru/8.3/MDClasses	ActionPeriodUse		8.3.27
platform-property-md-AdditionalFullTextSearchDictionaries	http://v8.1c.ru/8.3/MDClasses	AdditionalFullTextSearchDictionaries		8.3.27
platform-property-md-Addressing	http://v8.1c.ru/8.3/MDClasses	Addressing		8.3.27
platform-property-md-AddressingDimension	http://v8.1c.ru/8.3/MDClasses	AddressingDimension		8.3.27
platform-property-md-Aggregates	http://v8.1c.ru/8.3/MDClasses	Aggregates		8.3.27
platform-property-md-AllowNull	http://v8.1c.ru/8.3/MDClasses	AllowNull		8.3.27
platform-property-md-AllowedIncomingShareRequestTypes	http://v8.1c.ru/8.3/MDClasses	AllowedIncomingShareRequestTypes		8.3.27
platform-property-md-AuthenticationSeparation	http://v8.1c.ru/8.3/MDClasses	AuthenticationSeparation		8.3.27
platform-property-md-AutoConnect	http://v8.1c.ru/8.3/MDClasses	AutoConnect		8.3.27
platform-property-md-AutoOrderByCode	http://v8.1c.ru/8.3/MDClasses	AutoOrderByCode		8.3.27
platform-property-md-AutoUse	http://v8.1c.ru/8.3/MDClasses	AutoUse		8.3.27
platform-property-md-Autonumbering	http://v8.1c.ru/8.3/MDClasses	Autonumbering		8.3.27
platform-property-md-AuxiliaryChoiceForm	http://v8.1c.ru/8.3/MDClasses	AuxiliaryChoiceForm		8.3.27
platform-property-md-AuxiliaryCollaborationSystemUsersChoiceForm	http://v8.1c.ru/8.3/MDClasses	AuxiliaryCollaborationSystemUsersChoiceForm		8.5.1
platform-property-md-AuxiliaryDataHistoryChangeHistoryForm	http://v8.1c.ru/8.3/MDClasses	AuxiliaryDataHistoryChangeHistoryForm		8.5.1
platform-property-md-AuxiliaryDataHistoryVersionDataForm	http://v8.1c.ru/8.3/MDClasses	AuxiliaryDataHistoryVersionDataForm		8.5.1
platform-property-md-AuxiliaryDataHistoryVersionDifferencesForm	http://v8.1c.ru/8.3/MDClasses	AuxiliaryDataHistoryVersionDifferencesForm		8.5.1
platform-property-md-AuxiliaryDynamicListSettingsForm	http://v8.1c.ru/8.3/MDClasses	AuxiliaryDynamicListSettingsForm		8.5.1
platform-property-md-AuxiliaryFolderChoiceForm	http://v8.1c.ru/8.3/MDClasses	AuxiliaryFolderChoiceForm		8.3.27
platform-property-md-AuxiliaryFolderForm	http://v8.1c.ru/8.3/MDClasses	AuxiliaryFolderForm		8.3.27
platform-property-md-AuxiliaryForm	http://v8.1c.ru/8.3/MDClasses	AuxiliaryForm		8.3.27
platform-property-md-AuxiliaryListForm	http://v8.1c.ru/8.3/MDClasses	AuxiliaryListForm		8.3.27
platform-property-md-AuxiliaryLoadForm	http://v8.1c.ru/8.3/MDClasses	AuxiliaryLoadForm		8.3.27
platform-property-md-AuxiliaryObjectForm	http://v8.1c.ru/8.3/MDClasses	AuxiliaryObjectForm		8.3.27
platform-property-md-AuxiliaryRecordForm	http://v8.1c.ru/8.3/MDClasses	AuxiliaryRecordForm		8.3.27
platform-property-md-AuxiliaryReportForm	http://v8.1c.ru/8.3/MDClasses	AuxiliaryReportForm		8.5.1
platform-property-md-AuxiliaryReportSettingsForm	http://v8.1c.ru/8.3/MDClasses	AuxiliaryReportSettingsForm		8.5.1
platform-property-md-AuxiliaryReportVariantForm	http://v8.1c.ru/8.3/MDClasses	AuxiliaryReportVariantForm		8.5.1
platform-property-md-AuxiliarySaveForm	http://v8.1c.ru/8.3/MDClasses	AuxiliarySaveForm		8.3.27
platform-property-md-AuxiliarySettingsForm	http://v8.1c.ru/8.3/MDClasses	AuxiliarySettingsForm		8.3.27
platform-property-md-AuxiliaryVariantForm	http://v8.1c.ru/8.3/MDClasses	AuxiliaryVariantForm		8.5.1
platform-property-md-AvailabilityForAppearance	http://v8.1c.ru/8.3/MDClasses	AvailabilityForAppearance		8.3.27
platform-property-md-AvailabilityForChoice	http://v8.1c.ru/8.3/MDClasses	AvailabilityForChoice		8.3.27
platform-property-md-Balance	http://v8.1c.ru/8.3/MDClasses	Balance		8.3.27
platform-property-md-BaseCalculationTypes	http://v8.1c.ru/8.3/MDClasses	BaseCalculationTypes		8.3.27
platform-property-md-BaseDimension	http://v8.1c.ru/8.3/MDClasses	BaseDimension		8.3.27
platform-property-md-BasePeriod	http://v8.1c.ru/8.3/MDClasses	BasePeriod		8.3.27
platform-property-md-BasedOn	http://v8.1c.ru/8.3/MDClasses	BasedOn		8.3.27
platform-property-md-BinaryDataBlockStorageUseMode	http://v8.1c.ru/8.3/MDClasses	BinaryDataBlockStorageUseMode		8.3.27
platform-property-md-BinaryDataStorageLocationUse	http://v8.1c.ru/8.3/MDClasses	BinaryDataStorageLocationUse		8.3.27
platform-property-md-BinaryDataStorageLocationUseField	http://v8.1c.ru/8.3/MDClasses	BinaryDataStorageLocationUseField		8.3.27
platform-property-md-BinaryDataStorageMode	http://v8.1c.ru/8.3/MDClasses	BinaryDataStorageMode		8.3.27
platform-property-md-BriefInformation	http://v8.1c.ru/8.3/MDClasses	BriefInformation		8.3.27
platform-property-md-Caption	http://v8.1c.ru/8.3/MDClasses	Caption		8.5.1
platform-property-md-Category	http://v8.1c.ru/8.3/MDClasses	Category		8.3.27
platform-property-md-CharacteristicExtValues	http://v8.1c.ru/8.3/MDClasses	CharacteristicExtValues		8.3.27
platform-property-md-Characteristics	http://v8.1c.ru/8.3/MDClasses	Characteristics		8.3.27
platform-property-md-ChartOfAccounts	http://v8.1c.ru/8.3/MDClasses	ChartOfAccounts		8.3.27
platform-property-md-ChartOfCalculationTypes	http://v8.1c.ru/8.3/MDClasses	ChartOfCalculationTypes		8.3.27
platform-property-md-CheckUnique	http://v8.1c.ru/8.3/MDClasses	CheckUnique		8.3.27
platform-property-md-ChoiceDataGetModeOnInputByString	http://v8.1c.ru/8.3/MDClasses	ChoiceDataGetModeOnInputByString		8.3.27
platform-property-md-ChoiceFoldersAndItems	http://v8.1c.ru/8.3/MDClasses	ChoiceFoldersAndItems		8.3.27
platform-property-md-ChoiceForm	http://v8.1c.ru/8.3/MDClasses	ChoiceForm		8.3.27
platform-property-md-ChoiceHistoryOnInput	http://v8.1c.ru/8.3/MDClasses	ChoiceHistoryOnInput		8.3.27
platform-property-md-ChoiceMode	http://v8.1c.ru/8.3/MDClasses	ChoiceMode		8.3.27
platform-property-md-ChoiceParameterLinks	http://v8.1c.ru/8.3/MDClasses	ChoiceParameterLinks		8.3.27
platform-property-md-ChoiceParameters	http://v8.1c.ru/8.3/MDClasses	ChoiceParameters		8.3.27
platform-property-md-ClientApplicationTheme	http://v8.1c.ru/8.3/MDClasses	ClientApplicationTheme		8.5.1
platform-property-md-ClientApplicationWindowsOpenVariant	http://v8.1c.ru/8.3/MDClasses	ClientApplicationWindowsOpenVariant		8.5.1
platform-property-md-ClientManagedApplication	http://v8.1c.ru/8.3/MDClasses	ClientManagedApplication		8.3.27
platform-property-md-ClientOrdinaryApplication	http://v8.1c.ru/8.3/MDClasses	ClientOrdinaryApplication		8.3.27
platform-property-md-CodeAllowedLength	http://v8.1c.ru/8.3/MDClasses	CodeAllowedLength		8.3.27
platform-property-md-CodeLength	http://v8.1c.ru/8.3/MDClasses	CodeLength		8.3.27
platform-property-md-CodeMask	http://v8.1c.ru/8.3/MDClasses	CodeMask		8.3.27
platform-property-md-CodeSeries	http://v8.1c.ru/8.3/MDClasses	CodeSeries		8.3.27
platform-property-md-CodeType	http://v8.1c.ru/8.3/MDClasses	CodeType		8.3.27
platform-property-md-Color	http://v8.1c.ru/8.3/MDClasses	Color		8.3.27
platform-property-md-CommandParameterType	http://v8.1c.ru/8.3/MDClasses	CommandParameterType		8.3.27
platform-property-md-Comment	http://v8.1c.ru/8.3/MDClasses	Comment		8.3.27
platform-property-md-CommonSettingsStorage	http://v8.1c.ru/8.3/MDClasses	CommonSettingsStorage		8.3.27
platform-property-md-CompatibilityMode	http://v8.1c.ru/8.3/MDClasses	CompatibilityMode		8.3.27
platform-property-md-ConditionalSeparation	http://v8.1c.ru/8.3/MDClasses	ConditionalSeparation		8.3.27
platform-property-md-ConfigurationExtensionCompatibilityMode	http://v8.1c.ru/8.3/MDClasses	ConfigurationExtensionCompatibilityMode		8.3.27
platform-property-md-ConfigurationExtensionPurpose	http://v8.1c.ru/8.3/MDClasses	ConfigurationExtensionPurpose		8.3.27
platform-property-md-ConfigurationExtensionsSeparation	http://v8.1c.ru/8.3/MDClasses	ConfigurationExtensionsSeparation		8.3.27
platform-property-md-ConfigurationInformationAddress	http://v8.1c.ru/8.3/MDClasses	ConfigurationInformationAddress		8.3.27
platform-property-md-Content	http://v8.1c.ru/8.3/MDClasses	Content		8.3.27
platform-property-md-Copyright	http://v8.1c.ru/8.3/MDClasses	Copyright		8.3.27
platform-property-md-Correspondence	http://v8.1c.ru/8.3/MDClasses	Correspondence		8.3.27
platform-property-md-CreateOnInput	http://v8.1c.ru/8.3/MDClasses	CreateOnInput		8.3.27
platform-property-md-CreateTaskInPrivilegedMode	http://v8.1c.ru/8.3/MDClasses	CreateTaskInPrivilegedMode		8.3.27
platform-property-md-CurrentPerformer	http://v8.1c.ru/8.3/MDClasses	CurrentPerformer		8.3.27
platform-property-md-DataHistory	http://v8.1c.ru/8.3/MDClasses	DataHistory		8.3.27
platform-property-md-DataLockControlMode	http://v8.1c.ru/8.3/MDClasses	DataLockControlMode		8.3.27
platform-property-md-DataLockFields	http://v8.1c.ru/8.3/MDClasses	DataLockFields		8.3.27
platform-property-md-DataSeparation	http://v8.1c.ru/8.3/MDClasses	DataSeparation		8.3.27
platform-property-md-DataSeparationUse	http://v8.1c.ru/8.3/MDClasses	DataSeparationUse		8.3.27
platform-property-md-DataSeparationValue	http://v8.1c.ru/8.3/MDClasses	DataSeparationValue		8.3.27
platform-property-md-DataVersionField	http://v8.1c.ru/8.3/MDClasses	DataVersionField		8.3.27
platform-property-md-DatabaseTablespacesUseMode	http://v8.1c.ru/8.3/MDClasses	DatabaseTablespacesUseMode		8.3.27
platform-property-md-DefaultChoiceForm	http://v8.1c.ru/8.3/MDClasses	DefaultChoiceForm		8.3.27
platform-property-md-DefaultCollaborationSystemUsersChoiceForm	http://v8.1c.ru/8.3/MDClasses	DefaultCollaborationSystemUsersChoiceForm		8.3.27
platform-property-md-DefaultConstantsForm	http://v8.1c.ru/8.3/MDClasses	DefaultConstantsForm		8.3.27
platform-property-md-DefaultDataHistoryChangeHistoryForm	http://v8.1c.ru/8.3/MDClasses	DefaultDataHistoryChangeHistoryForm		8.3.27
platform-property-md-DefaultDataHistoryVersionDataForm	http://v8.1c.ru/8.3/MDClasses	DefaultDataHistoryVersionDataForm		8.3.27
platform-property-md-DefaultDataHistoryVersionDifferencesForm	http://v8.1c.ru/8.3/MDClasses	DefaultDataHistoryVersionDifferencesForm		8.3.27
platform-property-md-DefaultDynamicListSettingsForm	http://v8.1c.ru/8.3/MDClasses	DefaultDynamicListSettingsForm		8.3.27
platform-property-md-DefaultFolderChoiceForm	http://v8.1c.ru/8.3/MDClasses	DefaultFolderChoiceForm		8.3.27
platform-property-md-DefaultFolderForm	http://v8.1c.ru/8.3/MDClasses	DefaultFolderForm		8.3.27
platform-property-md-DefaultForm	http://v8.1c.ru/8.3/MDClasses	DefaultForm		8.3.27
platform-property-md-DefaultInterface	http://v8.1c.ru/8.3/MDClasses	DefaultInterface		8.3.27
platform-property-md-DefaultLanguage	http://v8.1c.ru/8.3/MDClasses	DefaultLanguage		8.3.27
platform-property-md-DefaultListForm	http://v8.1c.ru/8.3/MDClasses	DefaultListForm		8.3.27
platform-property-md-DefaultLoadForm	http://v8.1c.ru/8.3/MDClasses	DefaultLoadForm		8.3.27
platform-property-md-DefaultObjectForm	http://v8.1c.ru/8.3/MDClasses	DefaultObjectForm		8.3.27
platform-property-md-DefaultPresentation	http://v8.1c.ru/8.3/MDClasses	DefaultPresentation		8.3.27
platform-property-md-DefaultRecordForm	http://v8.1c.ru/8.3/MDClasses	DefaultRecordForm		8.3.27
platform-property-md-DefaultReportAppearanceTemplate	http://v8.1c.ru/8.3/MDClasses	DefaultReportAppearanceTemplate		8.3.27
platform-property-md-DefaultReportForm	http://v8.1c.ru/8.3/MDClasses	DefaultReportForm		8.3.27
platform-property-md-DefaultReportSettingsForm	http://v8.1c.ru/8.3/MDClasses	DefaultReportSettingsForm		8.3.27
platform-property-md-DefaultReportVariantForm	http://v8.1c.ru/8.3/MDClasses	DefaultReportVariantForm		8.3.27
platform-property-md-DefaultRole	http://v8.1c.ru/8.3/MDClasses	DefaultRole		8.3.27
platform-property-md-DefaultRoles	http://v8.1c.ru/8.3/MDClasses	DefaultRoles		8.3.27
platform-property-md-DefaultRunMode	http://v8.1c.ru/8.3/MDClasses	DefaultRunMode		8.3.27
platform-property-md-DefaultSaveForm	http://v8.1c.ru/8.3/MDClasses	DefaultSaveForm		8.3.27
platform-property-md-DefaultSearchForm	http://v8.1c.ru/8.3/MDClasses	DefaultSearchForm		8.3.27
platform-property-md-DefaultSettingsForm	http://v8.1c.ru/8.3/MDClasses	DefaultSettingsForm		8.3.27
platform-property-md-DefaultStyle	http://v8.1c.ru/8.3/MDClasses	DefaultStyle		8.3.27
platform-property-md-DefaultVariantForm	http://v8.1c.ru/8.3/MDClasses	DefaultVariantForm		8.3.27
platform-property-md-DenyIncompleteValues	http://v8.1c.ru/8.3/MDClasses	DenyIncompleteValues		8.3.27
platform-property-md-DependenceOnCalculationTypes	http://v8.1c.ru/8.3/MDClasses	DependenceOnCalculationTypes		8.3.27
platform-property-md-Description	http://v8.1c.ru/8.3/MDClasses	Description		8.3.27
platform-property-md-DescriptionLength	http://v8.1c.ru/8.3/MDClasses	DescriptionLength		8.3.27
platform-property-md-DescriptorFileName	http://v8.1c.ru/8.3/MDClasses	DescriptorFileName		8.3.27
platform-property-md-DetailedInformation	http://v8.1c.ru/8.3/MDClasses	DetailedInformation		8.3.27
platform-property-md-DistributedInfoBase	http://v8.1c.ru/8.3/MDClasses	DistributedInfoBase		8.3.27
platform-property-md-DocumentMap	http://v8.1c.ru/8.3/MDClasses	DocumentMap		8.3.27
platform-property-md-Documents	http://v8.1c.ru/8.3/MDClasses	Documents		8.3.27
platform-property-md-DynamicListsUserSettingsStorage	http://v8.1c.ru/8.3/MDClasses	DynamicListsUserSettingsStorage		8.3.27
platform-property-md-EditFormat	http://v8.1c.ru/8.3/MDClasses	EditFormat		8.3.27
platform-property-md-EditType	http://v8.1c.ru/8.3/MDClasses	EditType		8.3.27
platform-property-md-EnableTotalsSliceFirst	http://v8.1c.ru/8.3/MDClasses	EnableTotalsSliceFirst		8.3.27
platform-property-md-EnableTotalsSliceLast	http://v8.1c.ru/8.3/MDClasses	EnableTotalsSliceLast		8.3.27
platform-property-md-EnableTotalsSplitting	http://v8.1c.ru/8.3/MDClasses	EnableTotalsSplitting		8.3.27
platform-property-md-Event	http://v8.1c.ru/8.3/MDClasses	Event		8.3.27
platform-property-md-ExecuteAfterWriteDataHistoryVersionProcessing	http://v8.1c.ru/8.3/MDClasses	ExecuteAfterWriteDataHistoryVersionProcessing		8.3.27
platform-property-md-Explanation	http://v8.1c.ru/8.3/MDClasses	Explanation		8.3.27
platform-property-md-ExpressionInDataSource	http://v8.1c.ru/8.3/MDClasses	ExpressionInDataSource		8.3.27
platform-property-md-ExtDimensionAccountingFlag	http://v8.1c.ru/8.3/MDClasses	ExtDimensionAccountingFlag		8.3.27
platform-property-md-ExtDimensionTypes	http://v8.1c.ru/8.3/MDClasses	ExtDimensionTypes		8.3.27
platform-property-md-ExtendedConfigurationObject	http://v8.1c.ru/8.3/MDClasses	ExtendedConfigurationObject		8.3.27
platform-property-md-ExtendedEdit	http://v8.1c.ru/8.3/MDClasses	ExtendedEdit		8.3.27
platform-property-md-ExtendedListPresentation	http://v8.1c.ru/8.3/MDClasses	ExtendedListPresentation		8.3.27
platform-property-md-ExtendedObjectPresentation	http://v8.1c.ru/8.3/MDClasses	ExtendedObjectPresentation		8.3.27
platform-property-md-ExtendedPresentation	http://v8.1c.ru/8.3/MDClasses	ExtendedPresentation		8.3.27
platform-property-md-ExtendedRecordPresentation	http://v8.1c.ru/8.3/MDClasses	ExtendedRecordPresentation		8.3.27
platform-property-md-ExternalConnection	http://v8.1c.ru/8.3/MDClasses	ExternalConnection		8.3.27
platform-property-md-ExternalIntegrationServiceAddress	http://v8.1c.ru/8.3/MDClasses	ExternalIntegrationServiceAddress		8.3.27
platform-property-md-ExternalIntegrationServiceChannelName	http://v8.1c.ru/8.3/MDClasses	ExternalIntegrationServiceChannelName		8.3.27
platform-property-md-FillChecking	http://v8.1c.ru/8.3/MDClasses	FillChecking		8.3.27
platform-property-md-FillFromFillingValue	http://v8.1c.ru/8.3/MDClasses	FillFromFillingValue		8.3.27
platform-property-md-FillValue	http://v8.1c.ru/8.3/MDClasses	FillValue		8.3.27
platform-property-md-FoldersOnTop	http://v8.1c.ru/8.3/MDClasses	FoldersOnTop		8.3.27
platform-property-md-FormDataSettingsStorage	http://v8.1c.ru/8.3/MDClasses	FormDataSettingsStorage		8.3.27
platform-property-md-FormType	http://v8.1c.ru/8.3/MDClasses	FormType		8.3.27
platform-property-md-Format	http://v8.1c.ru/8.3/MDClasses	Format		8.3.27
platform-property-md-FullTextSearch	http://v8.1c.ru/8.3/MDClasses	FullTextSearch		8.3.27
platform-property-md-FullTextSearchOnInputByString	http://v8.1c.ru/8.3/MDClasses	FullTextSearchOnInputByString		8.3.27
platform-property-md-Global	http://v8.1c.ru/8.3/MDClasses	Global		8.3.27
platform-property-md-Group	http://v8.1c.ru/8.3/MDClasses	Group		8.3.27
platform-property-md-HTTPMethod	http://v8.1c.ru/8.3/MDClasses	HTTPMethod		8.3.27
platform-property-md-Handler	http://v8.1c.ru/8.3/MDClasses	Handler		8.3.27
platform-property-md-Headers	http://v8.1c.ru/8.3/MDClasses	Headers		8.3.27
platform-property-md-Help	http://v8.1c.ru/8.3/MDClasses	Help		8.3.27
platform-property-md-Hierarchical	http://v8.1c.ru/8.3/MDClasses	Hierarchical		8.3.27
platform-property-md-HierarchyNameInDataSource	http://v8.1c.ru/8.3/MDClasses	HierarchyNameInDataSource		8.3.27
platform-property-md-HierarchyType	http://v8.1c.ru/8.3/MDClasses	HierarchyType		8.3.27
platform-property-md-IncludeConfigurationExtensions	http://v8.1c.ru/8.3/MDClasses	IncludeConfigurationExtensions		8.3.27
platform-property-md-IncludeHelpInContents	http://v8.1c.ru/8.3/MDClasses	IncludeHelpInContents		8.3.27
platform-property-md-IncludeInCommandInterface	http://v8.1c.ru/8.3/MDClasses	IncludeInCommandInterface		8.3.27
platform-property-md-Indexing	http://v8.1c.ru/8.3/MDClasses	Indexing		8.3.27
platform-property-md-InformationRegisterPeriodicity	http://v8.1c.ru/8.3/MDClasses	InformationRegisterPeriodicity		8.3.27
platform-property-md-InputByString	http://v8.1c.ru/8.3/MDClasses	InputByString		8.3.27
platform-property-md-InterfaceCompatibilityMode	http://v8.1c.ru/8.3/MDClasses	InterfaceCompatibilityMode		8.3.27
platform-property-md-KeepMappingToExtendedConfigurationObjectsByIDs	http://v8.1c.ru/8.3/MDClasses	KeepMappingToExtendedConfigurationObjectsByIDs		8.3.27
platform-property-md-Key	http://v8.1c.ru/8.3/MDClasses	Key		8.3.27
platform-property-md-KeyFields	http://v8.1c.ru/8.3/MDClasses	KeyFields		8.3.27
platform-property-md-LanguageCode	http://v8.1c.ru/8.3/MDClasses	LanguageCode		8.3.27
platform-property-md-LeadingRegisterData	http://v8.1c.ru/8.3/MDClasses	LeadingRegisterData		8.3.27
platform-property-md-LevelCount	http://v8.1c.ru/8.3/MDClasses	LevelCount		8.3.27
platform-property-md-LevelNumber	http://v8.1c.ru/8.3/MDClasses	LevelNumber		8.3.27
platform-property-md-LimitLevelCount	http://v8.1c.ru/8.3/MDClasses	LimitLevelCount		8.3.27
platform-property-md-LineNumberLength	http://v8.1c.ru/8.3/MDClasses	LineNumberLength		8.3.27
platform-property-md-LinkByType	http://v8.1c.ru/8.3/MDClasses	LinkByType		8.3.27
platform-property-md-ListPresentation	http://v8.1c.ru/8.3/MDClasses	ListPresentation		8.3.27
platform-property-md-Location	http://v8.1c.ru/8.3/MDClasses	Location		8.3.27
platform-property-md-LocationURL	http://v8.1c.ru/8.3/MDClasses	LocationURL		8.3.27
platform-property-md-Logo	http://v8.1c.ru/8.3/MDClasses	Logo		8.3.27
platform-property-md-MainAddressingAttribute	http://v8.1c.ru/8.3/MDClasses	MainAddressingAttribute		8.3.27
platform-property-md-MainClientApplicationWindowInterfaceVariant	http://v8.1c.ru/8.3/MDClasses	MainClientApplicationWindowInterfaceVariant		8.5.1
platform-property-md-MainClientApplicationWindowMode	http://v8.1c.ru/8.3/MDClasses	MainClientApplicationWindowMode		8.3.27
platform-property-md-MainDataCompositionSchema	http://v8.1c.ru/8.3/MDClasses	MainDataCompositionSchema		8.3.27
platform-property-md-MainFilter	http://v8.1c.ru/8.3/MDClasses	MainFilter		8.3.27
platform-property-md-MainFilterOnPeriod	http://v8.1c.ru/8.3/MDClasses	MainFilterOnPeriod		8.3.27
platform-property-md-MainSectionPicture	http://v8.1c.ru/8.3/MDClasses	MainSectionPicture		8.3.27
platform-property-md-MarkNegatives	http://v8.1c.ru/8.3/MDClasses	MarkNegatives		8.3.27
platform-property-md-Mask	http://v8.1c.ru/8.3/MDClasses	Mask		8.3.27
platform-property-md-Master	http://v8.1c.ru/8.3/MDClasses	Master		8.3.27
platform-property-md-MaxExtDimensionCount	http://v8.1c.ru/8.3/MDClasses	MaxExtDimensionCount		8.3.27
platform-property-md-MaxValue	http://v8.1c.ru/8.3/MDClasses	MaxValue		8.3.27
platform-property-md-MessageDirection	http://v8.1c.ru/8.3/MDClasses	MessageDirection		8.3.27
platform-property-md-MethodName	http://v8.1c.ru/8.3/MDClasses	MethodName		8.3.27
platform-property-md-MinValue	http://v8.1c.ru/8.3/MDClasses	MinValue		8.3.27
platform-property-md-MobileApplicationURLs	http://v8.1c.ru/8.3/MDClasses	MobileApplicationURLs		8.3.27
platform-property-md-ModalityUseMode	http://v8.1c.ru/8.3/MDClasses	ModalityUseMode		8.3.27
platform-property-md-ModifiesData	http://v8.1c.ru/8.3/MDClasses	ModifiesData		8.3.27
platform-property-md-MoveBoundaryOnPosting	http://v8.1c.ru/8.3/MDClasses	MoveBoundaryOnPosting		8.3.27
platform-property-md-MultiLine	http://v8.1c.ru/8.3/MDClasses	MultiLine		8.3.27
platform-property-md-Name	http://v8.1c.ru/8.3/MDClasses	Name		8.3.27
platform-property-md-NameInDataSource	http://v8.1c.ru/8.3/MDClasses	NameInDataSource		8.3.27
platform-property-md-NamePrefix	http://v8.1c.ru/8.3/MDClasses	NamePrefix		8.3.27
platform-property-md-Namespace	http://v8.1c.ru/8.3/MDClasses	Namespace		8.3.27
platform-property-md-Nillable	http://v8.1c.ru/8.3/MDClasses	Nillable		8.3.27
platform-property-md-NumberAllowedLength	http://v8.1c.ru/8.3/MDClasses	NumberAllowedLength		8.3.27
platform-property-md-NumberLength	http://v8.1c.ru/8.3/MDClasses	NumberLength		8.3.27
platform-property-md-NumberPeriodicity	http://v8.1c.ru/8.3/MDClasses	NumberPeriodicity		8.3.27
platform-property-md-NumberType	http://v8.1c.ru/8.3/MDClasses	NumberType		8.3.27
platform-property-md-Numerator	http://v8.1c.ru/8.3/MDClasses	Numerator		8.3.27
platform-property-md-ObjectAutonumerationMode	http://v8.1c.ru/8.3/MDClasses	ObjectAutonumerationMode		8.3.27
platform-property-md-ObjectBelonging	http://v8.1c.ru/8.3/MDClasses	ObjectBelonging		8.3.27
platform-property-md-ObjectPresentation	http://v8.1c.ru/8.3/MDClasses	ObjectPresentation		8.3.27
platform-property-md-OnMainServerUnavalableBehavior	http://v8.1c.ru/8.3/MDClasses	OnMainServerUnavalableBehavior		8.3.27
platform-property-md-OrderLength	http://v8.1c.ru/8.3/MDClasses	OrderLength		8.3.27
platform-property-md-Owners	http://v8.1c.ru/8.3/MDClasses	Owners		8.3.27
platform-property-md-ParameterUseMode	http://v8.1c.ru/8.3/MDClasses	ParameterUseMode		8.3.27
platform-property-md-ParentField	http://v8.1c.ru/8.3/MDClasses	ParentField		8.3.27
platform-property-md-Password	http://v8.1c.ru/8.3/MDClasses	Password		8.3.27
platform-property-md-PasswordMode	http://v8.1c.ru/8.3/MDClasses	PasswordMode		8.3.27
platform-property-md-PeriodAdjustmentLength	http://v8.1c.ru/8.3/MDClasses	PeriodAdjustmentLength		8.3.27
platform-property-md-Periodicity	http://v8.1c.ru/8.3/MDClasses	Periodicity		8.3.27
platform-property-md-Picture	http://v8.1c.ru/8.3/MDClasses	Picture		8.3.27
platform-property-md-PostInPrivilegedMode	http://v8.1c.ru/8.3/MDClasses	PostInPrivilegedMode		8.3.27
platform-property-md-Posting	http://v8.1c.ru/8.3/MDClasses	Posting		8.3.27
platform-property-md-Predefined	http://v8.1c.ru/8.3/MDClasses	Predefined		8.3.27
platform-property-md-PredefinedDataUpdate	http://v8.1c.ru/8.3/MDClasses	PredefinedDataUpdate		8.3.27
platform-property-md-PresentationField	http://v8.1c.ru/8.3/MDClasses	PresentationField		8.3.27
platform-property-md-Privileged	http://v8.1c.ru/8.3/MDClasses	Privileged		8.3.27
platform-property-md-PrivilegedGetMode	http://v8.1c.ru/8.3/MDClasses	PrivilegedGetMode		8.3.27
platform-property-md-ProcedureName	http://v8.1c.ru/8.3/MDClasses	ProcedureName		8.3.27
platform-property-md-QuickChoice	http://v8.1c.ru/8.3/MDClasses	QuickChoice		8.3.27
platform-property-md-ReadOnly	http://v8.1c.ru/8.3/MDClasses	ReadOnly		8.3.27
platform-property-md-RealTimePosting	http://v8.1c.ru/8.3/MDClasses	RealTimePosting		8.3.27
platform-property-md-ReceiveMessageProcessing	http://v8.1c.ru/8.3/MDClasses	ReceiveMessageProcessing		8.3.27
platform-property-md-RecordPresentation	http://v8.1c.ru/8.3/MDClasses	RecordPresentation		8.3.27
platform-property-md-References	http://v8.1c.ru/8.3/MDClasses	References		8.3.27
platform-property-md-RegisterDimension	http://v8.1c.ru/8.3/MDClasses	RegisterDimension		8.3.27
platform-property-md-RegisterRecords	http://v8.1c.ru/8.3/MDClasses	RegisterRecords		8.3.27
platform-property-md-RegisterRecordsDeletion	http://v8.1c.ru/8.3/MDClasses	RegisterRecordsDeletion		8.3.27
platform-property-md-RegisterRecordsMap	http://v8.1c.ru/8.3/MDClasses	RegisterRecordsMap		8.3.27
platform-property-md-RegisterRecordsWritingOnPost	http://v8.1c.ru/8.3/MDClasses	RegisterRecordsWritingOnPost		8.3.27
platform-property-md-RegisterType	http://v8.1c.ru/8.3/MDClasses	RegisterType		8.3.27
platform-property-md-RegisteredDocuments	http://v8.1c.ru/8.3/MDClasses	RegisteredDocuments		8.3.27
platform-property-md-ReportsUserSettingsStorage	http://v8.1c.ru/8.3/MDClasses	ReportsUserSettingsStorage		8.3.27
platform-property-md-ReportsVariantsStorage	http://v8.1c.ru/8.3/MDClasses	ReportsVariantsStorage		8.3.27
platform-property-md-Representation	http://v8.1c.ru/8.3/MDClasses	Representation		8.3.27
platform-property-md-RequiredMobileApplicationPermissions	http://v8.1c.ru/8.3/MDClasses	RequiredMobileApplicationPermissions		8.3.27
platform-property-md-RequiredMobileApplicationPermissions8315	http://v8.1c.ru/8.3/MDClasses	RequiredMobileApplicationPermissions8315		8.3.27
platform-property-md-RestartCountOnFailure	http://v8.1c.ru/8.3/MDClasses	RestartCountOnFailure		8.3.27
platform-property-md-RestartIntervalOnFailure	http://v8.1c.ru/8.3/MDClasses	RestartIntervalOnFailure		8.3.27
platform-property-md-ReturnValue	http://v8.1c.ru/8.3/MDClasses	ReturnValue		8.3.27
platform-property-md-ReturnValuesReuse	http://v8.1c.ru/8.3/MDClasses	ReturnValuesReuse		8.3.27
platform-property-md-ReuseSessions	http://v8.1c.ru/8.3/MDClasses	ReuseSessions		8.3.27
platform-property-md-RootURL	http://v8.1c.ru/8.3/MDClasses	RootURL		8.3.27
platform-property-md-Schedule	http://v8.1c.ru/8.3/MDClasses	Schedule		8.3.27
platform-property-md-ScheduleDate	http://v8.1c.ru/8.3/MDClasses	ScheduleDate		8.3.27
platform-property-md-ScheduleLink	http://v8.1c.ru/8.3/MDClasses	ScheduleLink		8.3.27
platform-property-md-ScheduleValue	http://v8.1c.ru/8.3/MDClasses	ScheduleValue		8.3.27
platform-property-md-ScriptVariant	http://v8.1c.ru/8.3/MDClasses	ScriptVariant		8.3.27
platform-property-md-SearchStringModeOnInputByString	http://v8.1c.ru/8.3/MDClasses	SearchStringModeOnInputByString		8.3.27
platform-property-md-SeparatedDataUse	http://v8.1c.ru/8.3/MDClasses	SeparatedDataUse		8.3.27
platform-property-md-SequenceFilling	http://v8.1c.ru/8.3/MDClasses	SequenceFilling		8.3.27
platform-property-md-Server	http://v8.1c.ru/8.3/MDClasses	Server		8.3.27
platform-property-md-ServerCall	http://v8.1c.ru/8.3/MDClasses	ServerCall		8.3.27
platform-property-md-ServerURL	http://v8.1c.ru/8.3/MDClasses	ServerURL		8.3.27
platform-property-md-SessionMaxAge	http://v8.1c.ru/8.3/MDClasses	SessionMaxAge		8.3.27
platform-property-md-SettingsStorage	http://v8.1c.ru/8.3/MDClasses	SettingsStorage		8.3.27
platform-property-md-ShortCaption	http://v8.1c.ru/8.3/MDClasses	ShortCaption		8.5.1
platform-property-md-Shortcut	http://v8.1c.ru/8.3/MDClasses	Shortcut		8.3.27
platform-property-md-Source	http://v8.1c.ru/8.3/MDClasses	Source		8.3.27
platform-property-md-Splash	http://v8.1c.ru/8.3/MDClasses	Splash		8.3.27
platform-property-md-StandaloneConfigurationRestrictionRoles	http://v8.1c.ru/8.3/MDClasses	StandaloneConfigurationRestrictionRoles		8.3.27
platform-property-md-StandardAttributes	http://v8.1c.ru/8.3/MDClasses	StandardAttributes		8.3.27
platform-property-md-StandardTabularSections	http://v8.1c.ru/8.3/MDClasses	StandardTabularSections		8.3.27
platform-property-md-SubordinationUse	http://v8.1c.ru/8.3/MDClasses	SubordinationUse		8.3.27
platform-property-md-SynchronousPlatformExtensionAndAddInCallUseMode	http://v8.1c.ru/8.3/MDClasses	SynchronousPlatformExtensionAndAddInCallUseMode		8.3.27
platform-property-md-Synonym	http://v8.1c.ru/8.3/MDClasses	Synonym		8.3.27
platform-property-md-TableDataType	http://v8.1c.ru/8.3/MDClasses	TableDataType		8.3.27
platform-property-md-TableType	http://v8.1c.ru/8.3/MDClasses	TableType		8.3.27
platform-property-md-Task	http://v8.1c.ru/8.3/MDClasses	Task		8.3.27
platform-property-md-TaskNumberAutoPrefix	http://v8.1c.ru/8.3/MDClasses	TaskNumberAutoPrefix		8.3.27
platform-property-md-Template	http://v8.1c.ru/8.3/MDClasses	Template		8.3.27
platform-property-md-TemplateType	http://v8.1c.ru/8.3/MDClasses	TemplateType		8.3.27
platform-property-md-Timeout	http://v8.1c.ru/8.3/MDClasses	Timeout		8.3.27
platform-property-md-ToolTip	http://v8.1c.ru/8.3/MDClasses	ToolTip		8.3.27
platform-property-md-Transactioned	http://v8.1c.ru/8.3/MDClasses	Transactioned		8.3.27
platform-property-md-TransactionsIsolationLevel	http://v8.1c.ru/8.3/MDClasses	TransactionsIsolationLevel		8.3.27
platform-property-md-TransferDirection	http://v8.1c.ru/8.3/MDClasses	TransferDirection		8.3.27
platform-property-md-Type	http://v8.1c.ru/8.3/MDClasses	Type		8.3.27
platform-property-md-TypeReductionMode	http://v8.1c.ru/8.3/MDClasses	TypeReductionMode		8.3.27
platform-property-md-URLExternalDataStorage	http://v8.1c.ru/8.3/MDClasses	URLExternalDataStorage		8.3.27
platform-property-md-UnfilledParentValue	http://v8.1c.ru/8.3/MDClasses	UnfilledParentValue		8.3.27
platform-property-md-UnpostInPrivilegedMode	http://v8.1c.ru/8.3/MDClasses	UnpostInPrivilegedMode		8.3.27
platform-property-md-UpdateCatalogAddress	http://v8.1c.ru/8.3/MDClasses	UpdateCatalogAddress		8.3.27
platform-property-md-UpdateDataHistoryImmediatelyAfterWrite	http://v8.1c.ru/8.3/MDClasses	UpdateDataHistoryImmediatelyAfterWrite		8.3.27
platform-property-md-Use	http://v8.1c.ru/8.3/MDClasses	Use		8.3.27
platform-property-md-UseInInterfaceCompatibilityMode	http://v8.1c.ru/8.3/MDClasses	UseInInterfaceCompatibilityMode		8.5.1
platform-property-md-UseInTotals	http://v8.1c.ru/8.3/MDClasses	UseInTotals		8.3.27
platform-property-md-UseManagedFormInOrdinaryApplication	http://v8.1c.ru/8.3/MDClasses	UseManagedFormInOrdinaryApplication		8.3.27
platform-property-md-UseOSAuthentication	http://v8.1c.ru/8.3/MDClasses	UseOSAuthentication		8.3.27
platform-property-md-UseOSProxy	http://v8.1c.ru/8.3/MDClasses	UseOSProxy		8.3.27
platform-property-md-UseOneCommand	http://v8.1c.ru/8.3/MDClasses	UseOneCommand		8.3.27
platform-property-md-UseOrdinaryFormInManagedApplication	http://v8.1c.ru/8.3/MDClasses	UseOrdinaryFormInManagedApplication		8.3.27
platform-property-md-UsePurposes	http://v8.1c.ru/8.3/MDClasses	UsePurposes		8.3.27
platform-property-md-UseStandardCommands	http://v8.1c.ru/8.3/MDClasses	UseStandardCommands		8.3.27
platform-property-md-UsedMobileApplicationFunctionalities	http://v8.1c.ru/8.3/MDClasses	UsedMobileApplicationFunctionalities		8.3.27
platform-property-md-User	http://v8.1c.ru/8.3/MDClasses	User		8.3.27
platform-property-md-UsersSeparation	http://v8.1c.ru/8.3/MDClasses	UsersSeparation		8.3.27
platform-property-md-Value	http://v8.1c.ru/8.3/MDClasses	Value		8.3.27
platform-property-md-VariantsStorage	http://v8.1c.ru/8.3/MDClasses	VariantsStorage		8.3.27
platform-property-md-Vendor	http://v8.1c.ru/8.3/MDClasses	Vendor		8.3.27
platform-property-md-VendorInformationAddress	http://v8.1c.ru/8.3/MDClasses	VendorInformationAddress		8.3.27
platform-property-md-Version	http://v8.1c.ru/8.3/MDClasses	Version		8.3.27
platform-property-md-Version85InterfaceMigrationMode	http://v8.1c.ru/8.3/MDClasses	Version85InterfaceMigrationMode		8.5.1
platform-property-md-WriteMode	http://v8.1c.ru/8.3/MDClasses	WriteMode		8.3.27
platform-property-md-XDTOPackages	http://v8.1c.ru/8.3/MDClasses	XDTOPackages		8.3.27
platform-property-md-XDTOReturningValueType	http://v8.1c.ru/8.3/MDClasses	XDTOReturningValueType		8.3.27
platform-property-md-XDTOValueType	http://v8.1c.ru/8.3/MDClasses	XDTOValueType		8.3.27
platform-property-md-exchange-plan-DefaultPresentation	http://v8.1c.ru/8.3/MDClasses	DefaultPresentation	exchange-plan	8.3.27
platform-property-md-information-register-DefaultRecordForm	http://v8.1c.ru/8.3/MDClasses	DefaultRecordForm	information-register	8.3.27
platform-property-md-sequence-RegisterRecords	http://v8.1c.ru/8.3/MDClasses	RegisterRecords	sequence	8.3.27
platform-property-md-style-item-Type	http://v8.1c.ru/8.3/MDClasses	Type	style-item	8.3.27
platform-property-md-task-DefaultPresentation	http://v8.1c.ru/8.3/MDClasses	DefaultPresentation	task	8.3.27
platform-property-predef-AccountType	http://v8.1c.ru/8.3/xcf/predef	AccountType		8.3.27
platform-property-predef-AccountingFlag	http://v8.1c.ru/8.3/xcf/predef	AccountingFlag		8.3.27
platform-property-predef-AccountingFlags	http://v8.1c.ru/8.3/xcf/predef	AccountingFlags		8.3.27
platform-property-predef-ActionPeriodIsBase	http://v8.1c.ru/8.3/xcf/predef	ActionPeriodIsBase		8.3.27
platform-property-predef-Base	http://v8.1c.ru/8.3/xcf/predef	Base		8.3.27
platform-property-predef-Code	http://v8.1c.ru/8.3/xcf/predef	Code		8.3.27
platform-property-predef-Description	http://v8.1c.ru/8.3/xcf/predef	Description		8.3.27
platform-property-predef-Displaced	http://v8.1c.ru/8.3/xcf/predef	Displaced		8.3.27
platform-property-predef-ExtDimensionAccountingFlag	http://v8.1c.ru/8.3/xcf/predef	ExtDimensionAccountingFlag		8.3.27
platform-property-predef-ExtDimensionType	http://v8.1c.ru/8.3/xcf/predef	ExtDimensionType		8.3.27
platform-property-predef-ExtDimensionTypes	http://v8.1c.ru/8.3/xcf/predef	ExtDimensionTypes		8.3.27
platform-property-predef-IsFolder	http://v8.1c.ru/8.3/xcf/predef	IsFolder		8.3.27
platform-property-predef-Item	http://v8.1c.ru/8.3/xcf/predef	Item		8.3.27
platform-property-predef-Leading	http://v8.1c.ru/8.3/xcf/predef	Leading		8.3.27
platform-property-predef-Name	http://v8.1c.ru/8.3/xcf/predef	Name		8.3.27
platform-property-predef-OffBalance	http://v8.1c.ru/8.3/xcf/predef	OffBalance		8.3.27
platform-property-predef-Order	http://v8.1c.ru/8.3/xcf/predef	Order		8.3.27
platform-property-predef-Type	http://v8.1c.ru/8.3/xcf/predef	Type		8.3.27
platform-property-readable-AutoRecord	http://v8.1c.ru/8.3/xcf/readable	AutoRecord		8.3.27
platform-property-readable-Characteristic	http://v8.1c.ru/8.3/xcf/readable	Characteristic		8.3.27
platform-property-readable-CharacteristicTypes	http://v8.1c.ru/8.3/xcf/readable	CharacteristicTypes		8.3.27
platform-property-readable-CharacteristicValues	http://v8.1c.ru/8.3/xcf/readable	CharacteristicValues		8.3.27
platform-property-readable-CheckState	http://v8.1c.ru/8.3/xcf/readable	CheckState		8.3.27
platform-property-readable-ChoiceForm	http://v8.1c.ru/8.3/xcf/readable	ChoiceForm		8.3.27
platform-property-readable-ChoiceHistoryOnInput	http://v8.1c.ru/8.3/xcf/readable	ChoiceHistoryOnInput		8.3.27
platform-property-readable-ChoiceParameterLinks	http://v8.1c.ru/8.3/xcf/readable	ChoiceParameterLinks		8.3.27
platform-property-readable-ChoiceParameters	http://v8.1c.ru/8.3/xcf/readable	ChoiceParameters		8.3.27
platform-property-readable-Comment	http://v8.1c.ru/8.3/xcf/readable	Comment		8.3.27
platform-property-readable-ConditionalSeparation	http://v8.1c.ru/8.3/xcf/readable	ConditionalSeparation		8.3.27
platform-property-readable-CreateOnInput	http://v8.1c.ru/8.3/xcf/readable	CreateOnInput		8.3.27
platform-property-readable-DataHistory	http://v8.1c.ru/8.3/xcf/readable	DataHistory		8.3.27
platform-property-readable-DataPath	http://v8.1c.ru/8.3/xcf/readable	DataPath		8.3.27
platform-property-readable-DataPathField	http://v8.1c.ru/8.3/xcf/readable	DataPathField		8.3.27
platform-property-readable-EditFormat	http://v8.1c.ru/8.3/xcf/readable	EditFormat		8.3.27
platform-property-readable-ExtendedEdit	http://v8.1c.ru/8.3/xcf/readable	ExtendedEdit		8.3.27
platform-property-readable-Field	http://v8.1c.ru/8.3/xcf/readable	Field		8.3.27
platform-property-readable-FillChecking	http://v8.1c.ru/8.3/xcf/readable	FillChecking		8.3.27
platform-property-readable-FillFromFillingValue	http://v8.1c.ru/8.3/xcf/readable	FillFromFillingValue		8.3.27
platform-property-readable-FillValue	http://v8.1c.ru/8.3/xcf/readable	FillValue		8.3.27
platform-property-readable-Format	http://v8.1c.ru/8.3/xcf/readable	Format		8.3.27
platform-property-readable-FullTextSearch	http://v8.1c.ru/8.3/xcf/readable	FullTextSearch		8.3.27
platform-property-readable-Header	http://v8.1c.ru/8.3/xcf/readable	Header		8.3.27
platform-property-readable-Item	http://v8.1c.ru/8.3/xcf/readable	Item		8.3.27
platform-property-readable-KeyField	http://v8.1c.ru/8.3/xcf/readable	KeyField		8.3.27
platform-property-readable-Link	http://v8.1c.ru/8.3/xcf/readable	Link		8.3.27
platform-property-readable-LinkByType	http://v8.1c.ru/8.3/xcf/readable	LinkByType		8.3.27
platform-property-readable-LinkItem	http://v8.1c.ru/8.3/xcf/readable	LinkItem		8.3.27
platform-property-readable-LoadTransparent	http://v8.1c.ru/8.3/xcf/readable	LoadTransparent		8.3.27
platform-property-readable-MarkNegatives	http://v8.1c.ru/8.3/xcf/readable	MarkNegatives		8.3.27
platform-property-readable-Mask	http://v8.1c.ru/8.3/xcf/readable	Mask		8.3.27
platform-property-readable-MaxValue	http://v8.1c.ru/8.3/xcf/readable	MaxValue		8.3.27
platform-property-readable-Metadata	http://v8.1c.ru/8.3/xcf/readable	Metadata		8.3.27
platform-property-readable-MinValue	http://v8.1c.ru/8.3/xcf/readable	MinValue		8.3.27
platform-property-readable-MultiLine	http://v8.1c.ru/8.3/xcf/readable	MultiLine		8.3.27
platform-property-readable-MultipleValuesKeyField	http://v8.1c.ru/8.3/xcf/readable	MultipleValuesKeyField		8.3.27
platform-property-readable-MultipleValuesOrderField	http://v8.1c.ru/8.3/xcf/readable	MultipleValuesOrderField		8.3.27
platform-property-readable-MultipleValuesUseField	http://v8.1c.ru/8.3/xcf/readable	MultipleValuesUseField		8.3.27
platform-property-readable-Name	http://v8.1c.ru/8.3/xcf/readable	Name		8.3.27
platform-property-readable-Object	http://v8.1c.ru/8.3/xcf/readable	Object		8.3.27
platform-property-readable-ObjectField	http://v8.1c.ru/8.3/xcf/readable	ObjectField		8.3.27
platform-property-readable-PasswordMode	http://v8.1c.ru/8.3/xcf/readable	PasswordMode		8.3.27
platform-property-readable-Presentation	http://v8.1c.ru/8.3/xcf/readable	Presentation		8.3.27
platform-property-readable-QuickChoice	http://v8.1c.ru/8.3/xcf/readable	QuickChoice		8.3.27
platform-property-readable-Ref	http://v8.1c.ru/8.3/xcf/readable	Ref		8.3.27
platform-property-readable-StandardAttribute	http://v8.1c.ru/8.3/xcf/readable	StandardAttribute		8.3.27
platform-property-readable-StandardAttributes	http://v8.1c.ru/8.3/xcf/readable	StandardAttributes		8.3.27
platform-property-readable-StandardTabularSection	http://v8.1c.ru/8.3/xcf/readable	StandardTabularSection		8.3.27
platform-property-readable-Synonym	http://v8.1c.ru/8.3/xcf/readable	Synonym		8.3.27
platform-property-readable-ToolTip	http://v8.1c.ru/8.3/xcf/readable	ToolTip		8.3.27
platform-property-readable-TypeField	http://v8.1c.ru/8.3/xcf/readable	TypeField		8.3.27
platform-property-readable-TypeReductionMode	http://v8.1c.ru/8.3/xcf/readable	TypeReductionMode		8.3.27
platform-property-readable-TypesFilterField	http://v8.1c.ru/8.3/xcf/readable	TypesFilterField		8.3.27
platform-property-readable-TypesFilterValue	http://v8.1c.ru/8.3/xcf/readable	TypesFilterValue		8.3.27
platform-property-readable-Use	http://v8.1c.ru/8.3/xcf/readable	Use		8.3.27
platform-property-readable-Value	http://v8.1c.ru/8.3/xcf/readable	Value		8.3.27
platform-property-readable-ValueChange	http://v8.1c.ru/8.3/xcf/readable	ValueChange		8.3.27
platform-property-readable-ValueField	http://v8.1c.ru/8.3/xcf/readable	ValueField		8.3.27
platform-property-app-permission	http://v8.1c.ru/8.2/managed-application/core	permission		8.3.27
platform-property-app-permissionMessage	http://v8.1c.ru/8.2/managed-application/core	permissionMessage		8.3.27
platform-property-app-description	http://v8.1c.ru/8.2/managed-application/core	description		8.3.27
platform-property-app-mime	http://v8.1c.ru/8.2/managed-application/core	mime		8.3.27
platform-property-app-uti	http://v8.1c.ru/8.2/managed-application/core	uti		8.3.27
platform-property-app-ext	http://v8.1c.ru/8.2/managed-application/core	ext		8.3.27
platform-property-app-processingVariant	http://v8.1c.ru/8.2/managed-application/core	processingVariant		8.3.27
platform-property-app-isCustom	http://v8.1c.ru/8.2/managed-application/core	isCustom		8.3.27
