name	nameRu
AccountingRegisters	РегистрыБухгалтерии
AccumulationRegisters	РегистрыНакопления
AdRepresentation	ОтображениеРекламы
AdditionalAuthenticationSettings	ДополнительныеНастройкиАутентификации
AdditionalUserVerification	ДополнительнаяПроверкаПользователя
AnalyticsSystem	СистемаАналитики
ApplicationUsageStatistics	СтатистикаИспользованияПриложения
AuthenticationLock	БлокировкаАутентификации
BackgroundJobs	ФоновыеЗадания
BinaryDataExternalStorages	ВнешниеХранилищаДвоичныхДанных
BinaryDataStorage	ХранилищеДвоичныхДанных
BusinessProcesses	БизнесПроцессы
CalculationRegisters	РегистрыРасчета
Catalogs	Справочники
ChartsOfAccounts	ПланыСчетов
ChartsOfCalculationTypes	ПланыВидовРасчета
ChartsOfCharacteristicTypes	ПланыВидовХарактеристик
ClientApplication	КлиентскоеПриложение
ClientNotifications	УведомленияКлиента
ClipboardTools	СредстваБуфераОбмена
CollaborationSystem	СистемаВзаимодействия
CommonSettingsStorage	ХранилищеОбщихНастроек
ConfigurationExtensions	РасширенияКонфигурации
Constants	Константы
CryptoTools	СредстваКриптографии
DataCompositionAppearanceTemplateLib	БиблиотекаМакетовОформленияКомпоновкиДанных
DataExchangeWithMainServer	ОбменДаннымиСОсновнымСервером
DataHistory	ИсторияДанных
DataProcessors	Обработки
DatabaseCopies	КопииБазыДанных
DatabaseTablespaces	ТабличныеПространстваБазыДанных
DeliverableNotificationSend	ОтправкаДоставляемыхУведомлений
DeliverableNotifications	ДоставляемыеУведомления
DeviceDataSharingTools	СредстваПередачиДанныхНаУстройстве
DeviceTools	СредстваУстройства
DocumentJournals	ЖурналыДокументов
Documents	Документы
DynamicListsUserSettingsStorage	ХранилищеПользовательскихНастроекДинамическихСписков
Enums	Перечисления
ErrorProcessing	ОбработкаОшибок
ExchangePlans	ПланыОбмена
ExternalDataProcessors	ВнешниеОбработки
ExternalDataSources	ВнешниеИсточникиДанных
ExternalReports	ВнешниеОтчеты
FileStreams	ФайловыеПотоки
FilterCriteria	КритерииОтбора
FormDataSettingsStorage	ХранилищеНастроекДанныхФорм
FullTextSearch	ПолнотекстовыйПоиск
GlobalSearch	ГлобальныйПоиск
InAppPurchases	ВстроенныеПокупки
InAppPurchasesValidation	ПроверкаВстроенныхПокупок
InfoBaseUsers	ПользователиИнформационнойБазы
InformationRegisters	РегистрыСведений
IntegrationServices	СервисыИнтеграции
InternetConnectionInformation	ИнформацияОбИнтернетСоединении
LaunchParameter	ПараметрЗапуска
LaunchShareRequestData	ДанныеЗапросаПоделитьсяЗапуска
LaunchURLNavigationData	ДанныеПереходаПоНавигационнойСсылкеЗапуска
LicenseAcquisition	ПолучениеЛицензий
LocationTools	СредстваГеопозиционирования
MailTools	СредстваПочты
MainServer	ОсновнойСервер
MainStyle	ГлавныйСтиль
Metadata	Метаданные
MultimediaTools	СредстваМультимедиа
NFCTools	СредстваNFC
PictureLib	БиблиотекаКартинок
ProgressiveWebApplication	ПрогрессивноеВебПриложение
Reports	Отчеты
ReportsAppearance	ОформлениеОтчетов
ReportsUserSettingsStorage	ХранилищеПользовательскихНастроекОтчетов
ReportsVariantsStorage	ХранилищеВариантовОтчетов
ScheduledJobs	РегламентныеЗадания
SecondAuthenticationFactorSettingsTemplates	ШаблоныНастроекВторогоФактораАутентификации
SecureStorage	БезопасноеХранилище
Sequences	Последовательности
SessionParameters	ПараметрыСеанса
SettingsStorages	ХранилищаНастроек
SpeechProcessing	РаботаСРечью
StyleLib	БиблиотекаСтилей
SystemSettingsStorage	ХранилищеСистемныхНастроек
Tasks	Задачи
TelephonyTools	СредстваТелефонии
URLExternalDataStorage	ХранилищеВнешнихДанныхНавигационныхСсылок
UserPasswordPolicies	ПолитикиПаролейПользователей
UserWorkHistory	ИсторияРаботыПользователя
WSReferences	WSСсылки
WebSocketClientConnections	WebSocketКлиентСоединения
WebSocketClients	WebSocketКлиенты
XDTOFactory	ФабрикаXDTO
XDTOSerializer	СериализаторXDTO
XMLStringProcessing	ОбработкаСтрокиXML
